date,open,high,low,close,volume
2026-06-08,504.00,505.00,500.00,501.00,"16,400,995.50"
2026-06-05,504.00,505.00,500.00,501.00,-0.6
2026-06-04,504.00,509.00,500.00,504.00,0.0
2026-06-03,504.00,507.00,503.00,504.00,0.0
2026-06-02,502.60,506.00,500.10,504.00,-0.18
2026-06-01,510.00,515.00,500.00,504.90,-1.0
2026-05-27,506.00,519.80,505.00,510.00,0.99
2026-05-26,504.60,508.00,503.00,505.00,0.16
2026-05-25,500.10,508.00,500.10,504.20,1.04
2026-05-22,497.00,500.00,493.20,499.00,0.81
2026-05-21,501.60,503.00,494.40,495.00,-1.26
2026-05-20,492.10,504.00,492.10,501.30,0.87
2026-05-19,495.00,500.70,490.30,497.00,0.4
2026-05-18,494.00,499.90,492.00,495.00,0.2
2026-05-15,495.00,499.00,490.00,494.00,0.0
2026-05-14,485.60,499.30,485.10,494.00,-0.4
2026-05-13,521.30,521.30,491.50,496.00,-0.1
2026-05-12,512.00,515.00,496.20,496.50,-2.91
2026-05-11,500.30,511.90,498.10,511.40,2.77
2026-05-08,493.10,499.90,490.00,497.60,0.55
2026-05-07,496.00,499.90,490.00,494.90,-0.42
2026-05-06,501.00,505.00,491.90,497.00,0.2
2026-05-05,480.00,498.00,480.00,496.00,1.85
2026-05-04,486.40,498.00,482.00,487.00,0.14
2026-04-30,487.00,494.00,486.10,486.30,-0.86
2026-04-29,498.00,501.00,490.00,490.50,-1.51
2026-04-28,501.20,505.00,496.10,498.00,-0.64
2026-04-27,506.00,514.00,501.00,501.20,-0.95
2026-04-24,505.00,506.90,491.00,506.00,0.2
2026-04-23,507.00,515.00,501.50,505.00,-0.24
2026-04-22,511.00,511.00,495.70,506.20,-0.94
2026-04-21,513.10,520.00,505.00,511.00,-0.97
2026-04-20,540.00,540.00,513.50,516.00,-1.34
2026-04-17,518.00,525.00,517.00,523.00,0.19
2026-04-16,522.00,523.00,513.10,522.00,0.0
2026-04-15,511.00,523.00,505.30,522.00,3.37
2026-04-13,510.00,511.00,504.00,505.00,0.0
2026-04-10,515.00,515.90,502.50,505.00,-0.79
2026-04-09,512.00,512.50,501.00,509.00,0.81
2026-04-08,499.80,508.00,499.00,504.90,2.39
2026-04-07,510.00,514.00,493.10,493.10,-2.36
2026-04-06,482.00,515.00,477.30,505.00,4.77
2026-04-05,501.10,501.10,478.00,482.00,-5.12
2026-04-02,521.00,521.00,501.00,508.00,-0.59
2026-04-01,520.00,520.00,501.00,511.00,-1.54
2026-03-31,519.00,529.00,502.00,519.00,0.78
2026-03-30,520.20,539.80,514.50,515.00,-2.98
2026-03-29,554.00,554.00,529.00,530.80,-4.07
2026-03-26,557.00,557.00,545.20,553.30,-0.52
2026-03-25,550.00,575.00,505.00,556.20,2.04
2026-03-24,535.00,548.20,535.00,545.10,2.79
2026-03-23,528.00,540.00,525.00,530.30,0.44
2026-03-22,550.00,550.00,526.00,528.00,-3.15
2026-03-19,529.00,552.50,527.00,545.20,3.45
2026-03-17,516.50,530.00,511.00,527.00,2.13
2026-03-16,527.00,527.00,515.00,516.00,-1.71
2026-03-15,530.00,535.00,515.50,525.00,-0.38
2026-03-12,520.00,530.00,513.80,527.00,2.57
2026-03-11,500.00,518.00,493.60,513.80,3.8
2026-03-10,512.00,514.00,482.00,495.00,-2.75
2026-03-09,477.80,515.00,477.80,509.00,8.64
2026-03-03,455.00,468.90,455.00,468.50,1.63
2026-03-01,461.50,464.70,452.30,461.00,-0.11
2026-02-26,472.00,472.00,457.00,461.50,-0.41
2026-02-25,464.00,467.00,459.00,463.40,0.89
2026-02-24,460.10,463.00,450.20,459.30,1.82
2026-02-23,465.00,465.00,451.00,451.10,-2.68
2026-02-22,443.20,474.00,443.10,463.50,4.16
2026-02-17,456.10,459.00,443.00,445.00,-2.43
2026-02-16,467.00,469.90,453.10,456.10,-1.7
2026-02-12,469.70,469.80,455.40,464.00,0.65
2026-02-11,459.60,469.00,451.00,461.00,-1.68
2026-02-10,490.00,490.00,456.00,468.90,-4.27
2026-02-09,495.70,496.00,478.00,489.80,0.78
2026-02-08,484.30,500.00,444.70,486.00,-1.64
2026-02-05,538.00,538.00,494.10,494.10,-9.98
2026-02-04,508.00,548.90,508.00,548.90,10.0
2026-02-03,512.90,512.90,495.00,499.00,-1.77
2026-02-02,520.00,521.00,505.00,508.00,-2.12
2026-02-01,535.50,540.00,519.00,519.00,-1.14
2026-01-29,545.00,545.00,522.00,525.00,-2.05
2026-01-28,525.30,537.00,517.00,536.00,1.13
2026-01-27,555.00,555.00,530.00,530.00,-4.16
2026-01-26,570.00,570.00,542.00,553.00,-2.12
2026-01-25,536.00,581.00,532.00,565.00,3.48
2026-01-22,560.00,560.00,535.00,546.00,-1.6
2026-01-21,563.00,574.00,546.00,554.90,-1.44
2026-01-20,583.00,590.00,555.00,563.00,-3.43
2026-01-18,593.00,612.00,567.10,583.00,-1.98
2026-01-14,550.00,595.10,540.90,594.80,9.94
2026-01-13,497.00,541.00,492.00,541.00,9.07
2026-01-12,525.00,525.00,490.10,496.00,-4.25
2026-01-08,539.00,539.00,510.60,518.00,-3.9
2026-01-07,559.00,560.00,520.00,539.00,-3.54
2026-01-06,564.00,564.00,549.00,558.80,-0.9
2026-01-05,541.90,586.00,541.90,563.90,1.99
2026-01-04,551.00,560.00,537.90,552.90,-1.27
2026-01-01,560.00,571.20,548.80,560.00,-1.04
2025-12-31,588.00,588.00,560.00,565.90,-2.09
2025-12-29,612.00,637.50,578.00,578.00,-3.83
2025-12-28,616.90,616.90,599.80,601.00,-0.69
2025-12-24,615.60,666.40,605.20,605.20,-3.65
2025-12-23,625.30,689.00,625.30,628.10,-1.55
2025-12-22,630.10,680.10,617.50,638.00,-0.62
2025-12-21,672.00,680.00,639.30,642.00,-4.9
2025-12-18,698.70,698.70,674.30,675.10,-1.45
2025-12-17,674.00,714.00,674.00,685.00,-0.29
2025-12-16,672.00,726.20,672.00,687.00,0.29
2025-12-15,691.00,700.00,679.80,685.00,-2.82
2025-12-14,737.00,737.00,698.10,704.90,-2.49
2025-12-11,725.00,734.00,715.00,722.90,-1.97
2025-12-10,757.50,757.50,728.50,737.40,-4.59
2025-12-09,706.00,772.90,705.00,772.90,8.1
2025-12-08,723.00,729.00,712.00,715.00,-1.38
2025-12-07,723.80,737.00,720.20,725.00,-1.09
2025-12-03,737.30,762.00,723.00,733.00,1.4
2025-12-02,755.00,810.90,747.30,759.00,-0.13
2025-12-01,765.00,773.00,750.00,760.00,-1.81
2025-11-30,790.00,800.00,760.00,774.00,-0.26
2025-11-27,775.00,787.00,765.60,776.00,-0.12
2025-11-26,798.40,798.40,770.10,776.90,-0.77
2025-11-25,809.00,809.50,779.90,782.90,-1.4
2025-11-24,795.00,809.90,782.00,794.00,-0.13
2025-11-23,818.00,818.00,790.20,795.00,-0.87
2025-11-20,768.40,848.00,768.40,802.00,2.3
2025-11-19,785.00,794.00,770.40,784.00,-0.13
2025-11-18,791.80,793.00,771.10,785.00,1.03
2025-11-17,785.00,785.00,768.10,777.00,0.91
2025-11-16,790.20,790.20,761.50,770.00,-0.65
2025-11-13,779.10,809.80,764.00,775.00,-2.5
2025-11-12,798.00,808.00,779.00,794.90,-1.86
2025-11-11,781.10,844.00,781.10,810.00,1.63
2025-11-10,815.00,815.00,783.10,797.00,-0.5
2025-11-09,835.90,835.90,795.00,801.00,-2.32
2025-11-06,843.00,843.00,810.90,820.00,-0.85
2025-11-05,830.00,830.00,810.10,827.00,-0.84
2025-11-04,858.00,858.00,811.00,834.00,-0.95
2025-11-03,879.00,885.00,830.00,842.00,-4.21
2025-11-02,880.00,895.00,852.10,879.00,-2.01
2025-10-30,824.00,897.00,791.00,897.00,9.54
2025-10-29,825.80,830.00,806.00,818.90,0.97
2025-10-28,770.00,814.00,760.00,811.00,6.01
2025-10-26,783.00,783.00,738.40,765.00,-2.4
2025-10-19,770.00,785.00,741.20,783.80,-0.03
2025-10-16,800.00,800.00,755.10,784.00,-0.11
2025-10-15,790.00,790.00,775.00,784.90,-1.89
2025-10-14,824.00,828.00,779.20,800.00,-0.99
2025-10-13,793.50,814.00,776.00,808.00,3.86
2025-10-12,824.00,824.00,760.50,778.00,-4.77
2025-10-09,836.40,868.00,810.10,817.00,-0.37
2025-10-08,859.60,872.00,810.00,820.00,-4.61
2025-10-07,893.00,893.00,845.00,859.60,-3.4
2025-09-28,900.00,914.00,878.00,889.90,-0.9
2025-09-25,915.00,978.00,881.10,898.00,-0.11
2025-09-24,935.00,935.00,886.00,899.00,-2.06
2025-09-23,865.00,930.00,865.00,917.90,4.54
2025-09-21,848.00,887.90,817.00,878.02,1.47
2025-09-08,888.00,888.00,835.00,865.27,-2.09
2025-09-07,906.30,923.90,870.30,883.77,-0.54
2025-09-04,885.90,919.40,851.70,888.56,2.25
2025-09-03,860.00,877.00,860.00,869.04,-0.01
2025-09-02,870.00,883.00,865.00,869.15,-1.21
2025-09-01,902.00,902.00,877.00,879.77,-1.65
2025-08-31,930.00,930.00,877.10,894.55,-1.98
2025-08-28,920.00,920.50,902.10,912.66,-1.39
2025-08-27,920.00,932.00,907.30,925.50,0.86
2025-08-26,931.00,931.00,907.00,917.64,-1.52
2025-08-25,897.00,936.90,897.00,931.82,1.86
2025-08-24,910.00,934.00,910.00,914.79,-0.81
2025-08-21,958.00,958.00,920.20,922.24,-2.05
2025-08-20,933.60,949.90,928.20,941.57,-0.32
2025-08-19,941.10,964.00,934.90,944.58,-1.47
2025-08-18,958.00,966.80,928.00,958.69,0.08
2025-08-17,989.00,989.00,945.00,957.93,-1.89
2025-08-14,985.00,995.00,961.00,976.41,-2.73
2025-08-13,"1,000.00","1,074.00",976.00,"1,003.83",-0.86
2025-08-12,"1,071.90","1,071.90",983.00,"1,012.53",-3.71
2025-08-11,"1,077.00","1,090.00","1,033.00","1,051.59",-4.16
2025-08-07,"1,061.00","1,103.00","1,048.00","1,097.29",3.07
2025-08-06,"1,048.10","1,076.00","1,048.10","1,064.59",-0.43
2025-08-05,"1,121.50","1,122.00","1,052.00","1,069.15",-4.54
2025-08-04,"1,140.00","1,140.00","1,111.10","1,120.03",-0.31
2025-08-03,"1,141.00","1,141.00","1,102.80","1,123.56",-1.6
2025-07-31,"1,158.90","1,162.10","1,126.10","1,141.83",-3.44
2025-07-30,"1,222.00","1,230.00","1,166.10","1,182.47",-1.68
2025-07-29,"1,153.00","1,215.00","1,140.00","1,202.64",6.33
2025-07-28,"1,031.00","1,138.00","1,031.00","1,131.03",7.51
2025-07-27,"1,085.00","1,103.00","1,045.00","1,052.01",-2.75
2025-07-24,"1,080.00","1,090.00","1,076.20","1,081.75",-0.61
2025-07-23,"1,100.00","1,103.00","1,072.10","1,088.38",-2.06
2025-07-22,"1,095.00","1,168.00","1,081.00","1,111.27",-0.54
2025-07-21,"1,051.00","1,149.00","1,050.20","1,117.30",4.69
2025-07-20,"1,065.20","1,080.00","1,051.00","1,067.20",-1.81
2025-07-17,"1,086.30","1,090.00","1,043.40","1,086.88",-1.94
2025-07-16,"1,043.80","1,166.00","1,000.00","1,108.38",4.07
2025-07-15,967.00,"1,083.80",966.00,"1,064.99",8.08
2025-07-14,970.20,991.30,962.10,985.36,-0.47
2025-07-13,"1,009.00","1,009.00",981.00,990.00,-0.34
2025-07-10,979.00,995.50,968.20,993.36,1.77
2025-07-09,955.00,980.00,955.00,976.12,1.06
2025-07-08,963.00,989.00,950.10,965.91,-1.69
2025-07-07,972.00,999.90,960.00,982.56,-0.8
2025-07-06,"1,005.40","1,011.80",970.00,990.47,-3.45
2025-07-03,955.00,"1,053.80",935.90,"1,025.85",5.31
2025-07-02,962.00,999.00,950.00,974.14,-0.02
2025-07-01,964.00,978.90,942.80,974.33,-0.86
2025-06-30,990.00,"1,000.00",955.00,982.74,-1.27
2025-06-29,983.80,999.00,949.10,995.34,-0.85
2025-06-26,940.50,"1,009.00",926.30,"1,003.85",6.84
2025-06-25,935.10,945.00,935.10,939.61,-0.8
2025-06-24,940.00,987.00,935.00,947.21,-0.49
2025-06-23,950.00,964.90,942.00,951.87,-1.08
2025-06-22,990.00,990.00,950.60,962.23,-3.75
2025-06-19,"1,005.00","1,009.00",978.00,999.74,-2.04
2025-06-18,"1,029.70","1,040.00","1,013.00","1,020.58",-2.87
2025-06-17,"1,000.10","1,059.90","1,000.10","1,050.71",4.47
2025-06-16,"1,010.00","1,020.00",999.60,"1,005.72",-0.22
2025-06-15,"1,053.00","1,074.00","1,001.00","1,007.92",-2.41
2025-06-12,"1,044.90","1,070.00","1,025.10","1,032.81",-3.13
2025-06-11,"1,090.10","1,091.00","1,032.00","1,066.17",-2.2
2025-06-10,"1,110.00","1,110.00","1,080.00","1,090.15",-0.91
2025-06-09,"1,040.00","1,107.00","1,025.10","1,100.19",3.92
2025-06-08,966.20,"1,064.00",966.20,"1,058.72",7.44
2025-06-05,931.10,"1,019.00",931.10,985.41,4.92
2025-06-04,927.00,949.00,926.00,939.20,-0.6
2025-06-03,941.00,947.00,924.00,944.85,-1.22
2025-06-02,983.00,983.20,950.10,956.54,-0.77
2025-05-28,955.90,975.00,925.20,963.97,2.86
2025-05-27,950.90,950.90,920.00,937.20,0.52
2025-05-26,936.00,948.60,923.00,932.32,1.59
2025-05-25,900.00,930.00,900.00,917.71,1.8
2025-05-22,899.00,925.00,899.00,901.48,-1.41
2025-05-21,949.40,987.00,910.00,914.40,-1.76
2025-05-20,935.00,940.50,900.00,930.82,1.54
2025-05-19,897.00,928.20,897.00,916.71,2.05
2025-05-18,901.00,910.00,893.60,898.26,-2.05
2025-05-15,925.00,930.00,898.00,917.05,-1.18
2025-05-14,938.00,975.00,912.00,927.98,-2.94
2025-05-13,982.00,990.00,937.10,956.10,-0.79
2025-05-11,981.50,981.50,963.00,963.69,-2.67
2025-05-08,955.60,999.60,937.00,990.13,1.55
2025-05-07,960.00,978.90,935.50,975.03,3.17
2025-05-06,993.00,993.00,940.20,945.06,-3.21
2025-05-05,982.00,"1,000.00",961.00,976.37,-0.67
2025-05-04,990.00,"1,000.00",965.00,982.99,0.82
2025-04-30,995.00,"1,007.00",961.50,975.01,-0.16
2025-04-29,949.00,988.00,949.00,976.54,4.45
2025-04-28,970.00,977.00,919.00,934.95,-3.78
2025-04-27,"1,013.00","1,013.00",967.00,971.72,-2.19
2025-04-24,987.10,"1,024.80",987.10,993.47,-1.36
2025-04-23,"1,040.00","1,041.50","1,000.70","1,007.21",-4.36
2025-04-22,"1,050.00","1,084.90","1,042.10","1,053.11",-0.18
2025-04-21,"1,020.10","1,076.00","1,020.10","1,054.99",2.21
2025-04-20,"1,059.00","1,066.00",964.40,"1,032.21",-3.61
2025-04-17,"1,023.90","1,075.00","1,005.00","1,070.90",6.67
2025-04-16,965.00,"1,010.00",961.00,"1,003.97",4.31
2025-04-15,919.00,994.50,890.00,962.45,6.11
2025-04-13,901.40,919.00,901.00,907.05,0.62
2025-04-10,915.00,928.00,901.10,901.48,-1.58
2025-04-09,925.00,939.90,907.00,915.97,-0.03
2025-04-08,911.00,939.00,897.00,916.28,-1.21
2025-04-07,982.70,982.70,900.00,927.54,-3.73
2025-04-03,918.00,975.00,911.00,963.49,6.95
2025-04-02,906.00,924.00,871.30,900.91,1.35
2025-04-01,900.00,900.00,871.00,888.92,0.35
2025-03-30,894.00,899.90,873.00,885.79,1.06
2025-03-27,892.90,892.90,870.00,876.49,-0.55
2025-03-26,855.00,887.60,846.00,881.37,2.71
2025-03-25,906.00,907.00,847.80,858.15,-6.6
2025-03-24,953.00,953.00,906.50,918.80,-1.86
2025-03-23,970.20,970.20,934.00,936.20,-1.74
2025-03-20,969.00,980.00,950.00,952.74,-3.28
2025-03-19,971.00,989.90,955.00,985.00,1.12
2025-03-18,976.10,"1,054.10",973.70,974.10,-1.95
2025-03-17,"1,009.00","1,010.00",978.00,993.50,-1.14
2025-03-16,"1,016.00","1,034.00",977.20,"1,005.00",-1.28
2025-03-12,"1,011.00","1,087.00","1,000.00","1,018.00",-0.68
2025-03-11,990.00,"1,089.80",982.00,"1,025.00",1.79
2025-03-10,991.00,"1,018.90",975.20,"1,007.00",0.8
2025-03-09,"1,029.00","1,029.00",998.00,999.00,-2.89
2025-03-06,"1,070.70","1,070.70","1,028.70","1,028.70",-2.02
2025-03-05,"1,023.90","1,086.50","1,004.00","1,049.90",4.57
2025-03-04,"1,024.00","1,035.00","1,000.10","1,004.00",-2.99
2025-03-03,"1,062.00","1,062.00","1,025.00","1,034.90",-0.68
2025-03-02,"1,054.00","1,067.00","1,037.00","1,042.00",-1.12
2025-02-27,"1,055.10","1,069.00","1,041.10","1,053.80",-0.11
2025-02-25,"1,054.00","1,075.00","1,050.00","1,055.00",-1.31
2025-02-24,"1,067.00","1,083.00","1,055.00","1,069.00",-0.37
2025-02-23,"1,050.00","1,135.00","1,048.00","1,073.00",0.28
2025-02-20,"1,070.00","1,090.00","1,057.80","1,070.00",-0.73
2025-02-18,"1,071.00","1,166.80","1,070.00","1,077.90",0.26
2025-02-17,"1,070.20","1,099.80","1,056.00","1,075.10",0.48
2025-02-16,"1,095.10","1,117.00","1,059.10","1,070.00",-2.28
2025-02-13,"1,120.00","1,120.00","1,090.30","1,095.00",-1.99
2025-02-12,"1,259.00","1,259.00","1,117.20","1,117.20",-10.0
2025-02-11,"1,147.00","1,241.30","1,107.10","1,241.30",6.1
2025-02-10,"1,249.50","1,249.50","1,147.50","1,169.90",-8.24
2025-02-09,"1,160.00","1,275.00","1,117.00","1,275.00",9.91
2025-02-06,"1,080.20","1,190.00","1,080.10","1,160.00",5.71
2025-02-05,"1,106.10","1,127.90","1,092.00","1,097.30",-2.11
2025-02-04,"1,164.00","1,167.00","1,117.20","1,121.00",-3.61
2025-02-03,"1,200.00","1,200.00","1,135.10","1,163.00",-1.44
2025-02-02,"1,175.00","1,197.00","1,115.00","1,180.00",0.43
2025-01-28,"1,190.00","1,205.00","1,162.00","1,175.00",0.68
2025-01-27,"1,136.80","1,219.00","1,136.80","1,167.10",0.61
2025-01-26,"1,222.50","1,225.00","1,140.00","1,160.00",-7.01
2025-01-23,"1,358.30","1,358.30","1,247.40","1,247.40",-10.0
2025-01-22,"1,282.00","1,386.00","1,220.00","1,386.00",8.2
2025-01-21,"1,354.90","1,354.90","1,204.00","1,281.00",-3.57
2025-01-20,"1,446.50","1,446.50","1,328.40","1,328.40",-10.0
2025-01-19,"1,607.20","1,607.20","1,476.00","1,476.00",-10.0
2025-01-16,"1,623.90","1,640.00","1,500.00","1,640.00",-1.03
2025-01-15,"1,509.00","1,657.00","1,423.00","1,657.00",9.81
2025-01-13,"1,358.30","1,509.00","1,358.30","1,509.00",8.87
2025-01-12,"1,462.20","1,462.20","1,360.00","1,386.00",-7.1
2025-01-09,"1,520.00","1,530.00","1,462.00","1,492.00",-3.12
2025-01-08,"1,506.30","1,630.00","1,462.00","1,540.00",0.2
2025-01-07,"1,463.20","1,552.00","1,406.00","1,537.00",2.95
2025-01-06,"1,360.00","1,493.00","1,306.20","1,493.00",9.7
2025-01-05,"1,380.90","1,380.90","1,307.00","1,361.00",-3.41
2025-01-02,"1,285.00","1,409.00","1,265.00","1,409.00",9.65
2025-01-01,"1,147.10","1,287.00","1,135.10","1,285.00",9.83
2024-12-31,"1,176.10","1,183.00","1,125.00","1,170.00",-2.51
2024-12-29,"1,180.00","1,223.00","1,180.00","1,200.10",0.0
2024-12-26,"1,248.00","1,345.00","1,150.00","1,200.10",-5.76
2024-12-24,"1,180.80","1,273.40","1,136.00","1,273.40",9.99
2024-12-23,"1,031.50","1,157.70","1,031.50","1,157.70",10.0
2024-12-22,975.00,"1,052.50",961.00,"1,052.50",9.99
2024-12-19,973.00,"1,000.00",946.00,956.90,-3.34
2024-12-18,"1,000.00","1,005.00",981.00,990.00,-0.2
2024-12-17,"1,000.00","1,000.00",962.00,992.00,-0.8
2024-12-16,"1,049.00","1,049.00",999.90,"1,000.00",-4.4
2024-12-12,"1,029.00","1,112.00","1,011.00","1,046.00",-0.37
2024-12-11,"1,009.40","1,049.90","1,009.40","1,049.90",1.93
2024-12-10,"1,031.00","1,048.00","1,001.20","1,030.00",-0.1
2024-12-09,"1,091.40","1,091.40","1,031.00","1,031.00",-3.64
2024-12-08,"1,126.10","1,126.10","1,044.10","1,070.00",-6.88
2024-12-05,"1,065.90","1,149.00","1,027.00","1,149.00",9.95
2024-12-04,"1,073.10","1,161.00","1,015.00","1,045.00",-4.57
2024-12-03,995.00,"1,095.00",995.00,"1,095.00",9.99
2024-12-02,960.00,"1,045.00",960.00,995.50,3.05
2024-12-01,970.00,984.00,951.20,966.00,-2.33
2024-11-28,"1,023.20","1,023.20",963.00,989.00,-5.27
2024-11-27,948.00,"1,044.00",934.10,"1,044.00",9.95
2024-11-26,988.90,988.90,924.00,949.50,-5.9
2024-11-25,907.70,"1,009.00",901.00,"1,009.00",9.91
2024-11-24,930.00,939.00,883.90,918.00,-0.42
2024-11-21,899.90,960.00,878.10,921.90,2.44
2024-11-20,830.00,900.90,825.00,899.90,8.42
2024-11-19,875.00,875.00,824.00,830.00,-5.14
2024-11-17,880.00,915.00,860.00,875.00,-0.57
2024-11-14,855.00,918.00,851.50,880.00,2.92
2024-11-13,805.00,855.00,797.00,855.00,6.21
2024-11-12,792.00,836.40,776.50,805.00,3.59
2024-11-11,757.30,803.50,757.30,777.10,4.66
2024-11-10,688.50,742.50,688.50,742.50,10.0
2024-11-06,698.00,710.00,663.00,675.00,-3.57
2024-11-05,710.00,729.00,689.10,700.00,-0.19
2024-10-30,699.00,751.00,692.00,701.30,0.04
2024-10-29,685.00,701.00,681.00,701.00,2.94
2024-10-28,650.00,681.20,648.00,681.00,4.77
2024-10-27,643.80,656.00,635.00,650.00,-1.05
2024-10-24,612.60,669.00,608.00,656.90,5.1
2024-10-23,606.00,641.00,606.00,625.00,1.28
2024-10-22,603.00,617.10,590.00,617.10,2.85
2024-10-21,593.10,608.00,587.00,600.00,-0.83
2024-10-20,599.80,612.00,592.90,605.00,-1.14
2024-10-17,600.00,612.00,597.80,612.00,2.0
2024-10-16,581.00,611.00,581.00,600.00,1.23
2024-10-15,584.00,600.00,582.20,592.70,0.46
2024-10-09,589.00,590.00,570.00,590.00,0.17
2024-10-08,590.00,600.00,575.10,589.00,-0.17
2024-10-07,580.30,603.80,580.30,590.00,-0.34
2024-10-06,580.00,600.00,568.40,592.00,2.4
2024-10-02,634.00,634.00,603.80,607.00,-2.88
2024-10-01,610.00,640.00,607.20,625.00,3.14
2024-09-30,599.00,613.90,588.00,606.00,1.17
2024-09-29,582.50,600.00,582.50,599.00,1.18
2024-09-26,590.00,604.70,572.50,592.00,-0.17
2024-09-25,562.00,601.70,557.10,593.00,4.96
2024-09-24,571.40,590.00,560.10,565.00,-3.09
2024-09-23,588.10,609.00,565.10,583.00,-2.78
2024-09-22,598.90,620.00,580.20,599.70,0.64
2024-09-18,614.00,614.00,580.00,595.90,-1.01
2024-09-16,615.00,615.00,589.00,602.00,-0.17
2024-09-15,616.20,641.00,601.00,603.00,-2.11
2024-09-12,605.30,629.00,603.00,616.00,0.16
2024-09-11,605.00,630.00,603.10,615.00,-0.16
2024-09-10,611.00,664.00,607.00,616.00,0.0
2024-09-09,612.00,663.00,610.00,616.00,0.33
2024-09-08,620.00,636.00,608.00,614.00,-1.92
2024-09-05,637.00,649.00,622.00,626.00,-3.69
2024-09-04,676.00,676.00,630.00,650.00,-3.27
2024-09-03,661.00,686.00,646.90,672.00,2.91
2024-09-02,626.40,653.00,614.10,653.00,2.19
2024-09-01,645.00,663.00,616.00,639.00,-0.16
2024-08-29,645.20,646.00,623.10,640.00,-0.78
2024-08-28,637.50,701.00,637.50,645.00,1.18
2024-08-27,654.00,659.00,615.00,637.50,-2.52
2024-08-25,653.00,671.00,645.00,654.00,0.31
2024-08-22,638.30,716.00,638.30,652.00,0.11
2024-08-21,670.00,670.00,648.60,651.30,-2.79
2024-08-18,695.00,695.00,656.60,670.00,-3.6
2024-08-15,700.00,709.10,691.00,695.00,-1.42
2024-08-14,700.00,705.00,685.00,705.00,1.0
2024-08-13,700.00,721.00,682.00,698.00,-1.41
2024-08-12,705.00,773.00,693.10,708.00,-0.41
2024-08-11,714.00,723.00,686.00,710.90,1.56
2024-08-08,696.00,724.20,679.20,700.00,0.86
2024-08-07,685.00,754.00,685.00,694.00,-0.57
2024-08-06,696.00,760.00,645.00,698.00,-1.55
2024-08-05,710.00,767.00,686.00,709.00,0.17
2024-08-01,716.00,730.30,698.00,707.80,-1.69
2024-07-31,735.00,744.00,703.00,720.00,-1.37
2024-07-30,746.00,754.00,725.10,730.00,-1.88
2024-07-29,725.00,784.00,711.20,744.00,2.62
2024-07-28,745.00,745.00,705.00,725.00,-0.82
2024-07-25,730.00,746.00,720.10,731.00,-1.35
2024-07-24,773.30,786.90,735.00,741.00,-6.08
2024-07-23,737.20,795.00,730.10,789.00,4.92
2024-07-22,733.00,762.00,710.00,752.00,4.47
2024-07-21,662.00,719.80,652.00,719.80,9.08
2024-07-18,635.10,680.00,635.10,659.90,2.31
2024-07-17,656.00,664.00,636.00,645.00,-1.53
2024-07-16,618.00,660.00,618.00,655.00,5.31
2024-07-15,633.00,633.00,614.60,622.00,-0.8
2024-07-14,633.40,640.00,618.10,627.00,0.97
2024-07-11,615.10,625.00,610.00,621.00,0.96
2024-07-10,615.00,622.00,608.00,615.10,0.34
2024-07-09,615.00,619.90,610.00,613.00,-1.75
2024-07-08,600.10,627.00,600.10,623.90,2.45
2024-07-07,601.30,609.90,596.10,609.00,0.84
2024-07-04,610.00,617.00,600.00,603.90,-0.84
2024-07-03,616.00,616.90,600.00,609.00,0.5
2024-07-02,620.10,657.00,606.00,606.00,-0.33
2024-07-01,599.00,610.00,595.00,608.00,1.5
2024-06-30,610.00,621.90,596.90,599.00,-1.8
2024-06-27,602.00,625.00,602.00,610.00,-0.67
2024-06-26,630.00,636.00,614.10,614.10,-2.06
2024-06-25,618.00,638.00,616.10,627.00,-0.32
2024-06-24,607.00,635.00,607.00,629.00,1.62
2024-06-23,629.00,630.00,611.70,619.00,-1.59
2024-06-20,644.00,644.00,625.00,629.00,-0.47
2024-06-19,640.00,644.00,630.10,632.00,-1.25
2024-06-18,652.00,660.50,633.00,640.00,-3.03
2024-06-16,640.00,661.00,625.30,660.00,2.96
2024-06-13,639.50,647.00,621.00,641.00,2.23
2024-06-12,637.70,637.70,616.00,627.00,0.29
2024-06-11,640.00,640.00,622.30,625.20,-0.76
2024-06-10,589.00,638.00,589.00,630.00,7.07
2024-06-09,595.00,600.00,575.00,588.40,0.58
2024-06-06,540.00,594.90,533.50,585.00,7.58
2024-06-05,520.50,552.00,520.50,543.80,3.84
2024-06-04,517.10,535.00,517.10,523.70,1.1
2024-06-03,549.00,553.00,517.00,518.00,-3.9
2024-06-02,571.00,571.00,520.00,539.00,-3.73
2024-05-30,527.00,559.90,520.60,559.90,6.04
2024-05-29,529.30,547.00,510.30,528.00,1.73
2024-05-27,487.20,523.00,487.20,519.00,4.41
2024-05-26,515.00,515.00,496.00,497.10,-1.76
2024-05-22,505.30,525.00,502.00,506.00,-1.75
2024-05-21,486.10,527.00,486.10,515.00,4.46
2024-05-20,474.00,498.70,460.70,493.00,6.02
2024-05-19,444.00,474.30,435.20,465.00,6.65
2024-05-16,434.00,442.00,430.00,436.00,0.46
2024-05-15,445.00,450.00,430.60,434.00,-1.85
2024-05-14,423.20,445.00,423.20,442.20,3.22
2024-05-13,423.00,433.50,423.00,428.40,-0.14
2024-05-12,435.00,435.00,421.50,429.00,0.59
2024-05-09,435.00,440.00,426.50,426.50,-1.95
2024-05-08,429.50,435.00,424.00,435.00,0.79
2024-05-07,429.50,439.50,429.50,431.60,0.14
2024-05-06,435.00,440.00,429.50,431.00,-0.94
2024-05-05,445.60,445.60,434.00,435.10,-0.41
2024-05-02,439.00,445.00,431.10,436.90,-0.66
2024-04-30,438.00,444.00,425.00,439.80,2.28
2024-04-29,426.00,435.00,426.00,430.00,-1.04
2024-04-28,426.00,434.50,426.00,434.50,1.05
2024-04-25,440.00,440.00,424.50,430.00,-2.27
2024-04-24,443.70,443.70,427.00,440.00,0.34
2024-04-22,448.90,448.90,430.00,438.50,-0.7
2024-04-21,425.00,445.00,425.00,441.60,2.7
2024-04-18,435.00,435.00,427.10,430.00,-2.25
2024-04-16,433.10,439.90,433.10,439.90,0.3
2024-04-15,439.30,446.00,436.50,438.60,-2.1
2024-04-14,435.10,451.00,435.10,448.00,1.36
2024-04-10,450.00,450.80,437.00,442.00,0.0
2024-04-09,440.20,450.00,440.20,442.00,-0.67
2024-04-07,426.00,445.00,426.00,445.00,2.75
2024-04-04,432.10,439.90,432.10,433.10,-1.12
2024-04-03,449.90,449.90,436.10,438.00,-0.9
2024-04-02,445.00,449.00,439.00,442.00,-0.67
2024-04-01,450.00,459.90,443.20,445.00,-1.98
2024-03-31,438.10,460.00,438.10,454.00,1.79
2024-03-28,453.00,453.00,438.00,446.00,0.22
2024-03-27,450.00,458.00,441.20,445.00,-1.98
2024-03-26,441.10,457.00,434.00,454.00,2.78
2024-03-25,430.00,444.00,425.00,441.70,1.17
2024-03-21,443.00,457.00,434.00,436.60,-3.41
2024-03-20,446.50,464.00,445.00,452.00,-0.79
2024-03-19,465.90,468.00,446.90,455.60,-0.48
2024-03-18,468.00,468.00,448.00,457.80,-1.34
2024-03-17,470.00,478.00,452.00,464.00,-3.11
2024-03-14,486.80,490.00,474.00,478.90,0.19
2024-03-13,459.00,484.50,452.10,478.00,5.05
2024-03-12,450.00,461.00,448.10,455.00,1.56
2024-03-10,457.90,467.00,443.00,448.00,-0.22
2024-03-07,454.00,460.00,442.10,449.00,0.45
2024-03-06,454.00,463.00,430.00,447.00,0.4
2024-03-05,485.00,485.00,445.20,445.20,-7.25
2024-03-04,453.00,480.00,453.00,480.00,7.62
2024-03-03,457.90,457.90,436.00,446.00,-2.6
2024-02-29,462.00,499.00,445.00,457.90,-2.78
2024-02-28,462.00,479.40,456.70,471.00,0.21
2024-02-27,462.00,488.00,462.00,470.00,-0.3
2024-02-26,477.30,495.00,458.80,471.40,0.73
2024-02-25,488.40,492.00,459.00,468.00,-2.28
2024-02-22,504.30,504.30,471.20,478.90,-3.15
2024-02-21,496.40,500.00,485.40,494.50,1.6
2024-02-20,502.00,502.00,477.00,486.70,-1.28
2024-02-18,522.20,522.20,491.60,493.00,-3.71
2024-02-15,525.00,534.00,509.00,512.00,-2.48
2024-02-14,530.00,540.60,510.00,525.00,1.0
2024-02-13,490.90,540.00,490.90,519.80,3.77
2024-02-12,473.70,508.00,473.70,500.90,3.71
2024-02-11,485.00,494.30,476.00,483.00,0.84
2024-02-08,467.00,488.00,457.70,479.00,2.57
2024-02-07,446.90,468.00,446.90,467.00,2.41
2024-02-06,450.10,456.00,445.10,456.00,-0.65
2024-02-05,455.00,459.00,447.00,459.00,0.0
2024-02-04,476.00,485.80,450.80,459.00,-1.71
2024-02-01,474.00,480.00,456.60,467.00,-1.48
2024-01-31,466.60,489.80,466.60,474.00,0.21
2024-01-30,441.30,477.00,441.30,473.00,5.23
2024-01-29,442.00,453.00,441.00,449.50,-0.11
2024-01-28,438.00,450.00,427.30,450.00,2.51
2024-01-25,427.30,440.70,427.30,439.00,0.69
2024-01-24,438.00,461.90,435.20,436.00,-2.02
2024-01-23,440.00,457.00,440.00,445.00,-0.67
2024-01-22,450.10,466.00,444.00,448.00,-2.42
2024-01-21,460.00,485.00,451.00,459.10,-0.2
2024-01-18,450.00,464.00,441.10,460.00,2.22
2024-01-17,465.00,465.00,450.00,450.00,-3.87
2024-01-16,484.50,486.00,466.00,468.10,-1.45
2024-01-14,469.20,480.00,463.00,475.00,3.26
2024-01-11,450.00,465.00,437.80,460.00,3.37
2024-01-10,450.50,478.00,438.00,445.00,0.63
2024-01-09,469.00,474.80,442.10,442.20,-5.29
2024-01-08,442.10,469.20,442.00,466.90,5.61
2024-01-07,453.00,459.00,441.20,442.10,-0.65
2024-01-04,440.00,460.00,424.70,445.00,1.6
2024-01-03,415.00,438.00,414.10,438.00,3.91
2024-01-02,421.00,436.00,415.00,421.50,0.02
2024-01-01,428.00,445.20,421.40,421.40,-1.31
2023-12-28,428.00,435.00,416.60,427.00,-0.7
2023-12-27,451.00,458.30,426.00,430.00,-4.34
2023-12-24,441.00,470.00,432.20,449.50,0.0
2023-12-21,432.00,466.00,425.00,449.50,6.01
2023-12-20,413.90,425.00,400.10,424.00,4.46
2023-12-19,400.00,408.00,388.50,405.90,0.0
2023-12-18,415.60,439.60,392.50,405.90,-4.27
2023-12-17,381.20,424.00,381.00,424.00,9.28
2023-12-14,368.00,400.00,361.10,388.00,3.47
2023-12-13,374.00,377.40,365.00,375.00,1.35
2023-12-12,345.00,387.20,345.00,370.00,5.11
2023-12-11,371.20,371.20,343.00,352.00,-3.3
2023-12-10,343.70,364.60,343.70,364.00,8.01
2023-12-07,325.40,337.00,325.30,337.00,2.09
2023-12-06,324.10,336.00,324.10,330.10,0.03
2023-12-05,332.00,338.10,330.00,330.00,-2.08
2023-12-04,328.40,339.00,328.40,337.00,0.6
2023-12-03,325.00,348.00,324.10,335.00,1.52
2023-11-30,331.10,350.70,328.10,330.00,-2.14
2023-11-29,342.00,353.00,336.00,337.20,-1.11
2023-11-28,340.00,347.70,335.20,341.00,-1.19
2023-11-27,360.00,375.00,342.20,345.10,-2.49
2023-11-26,340.00,353.90,333.00,353.90,4.4
2023-11-23,350.00,350.00,330.00,339.00,-1.6
2023-11-22,316.00,349.90,316.00,344.50,6.99
2023-11-21,323.40,326.00,318.20,322.00,-2.42
2023-11-20,326.00,332.00,320.30,330.00,0.0
2023-11-09,313.60,330.00,311.20,330.00,3.25
2023-11-08,328.00,328.90,315.60,319.60,-0.75
2023-11-07,320.40,346.00,320.00,322.00,-1.5
2023-11-06,321.00,327.00,318.00,326.90,-0.18
2023-11-05,316.10,327.50,310.30,327.50,1.71
2023-11-02,331.30,340.00,316.30,322.00,-4.73
2023-11-01,338.10,338.10,325.00,338.00,-2.03
2023-10-31,352.80,352.80,327.80,345.00,-4.17
2023-10-30,335.20,360.00,322.10,360.00,5.26
2023-10-29,331.50,365.70,328.70,342.00,1.18
2023-10-19,356.00,356.00,333.00,338.00,-3.43
2023-10-18,349.90,350.00,336.20,350.00,1.77
2023-10-17,334.80,352.00,331.60,343.90,0.67
2023-10-16,361.90,361.90,331.50,341.60,-3.77
2023-10-12,351.00,365.00,335.00,355.00,3.14
2023-10-11,363.00,369.00,344.20,344.20,-3.31
2023-10-10,360.00,366.00,347.00,356.00,0.85
2023-10-09,357.00,362.90,345.50,353.00,-1.12
2023-10-08,348.00,362.20,342.10,357.00,0.54
2023-10-05,343.00,362.10,336.20,355.10,1.46
2023-10-04,335.20,355.00,335.20,350.00,2.85
2023-10-03,338.00,347.00,338.00,340.30,-1.22
2023-10-02,339.50,354.70,335.00,344.50,-0.43
2023-10-01,369.00,369.00,345.10,346.00,-4.95
2023-09-27,362.60,367.20,353.30,364.00,-1.62
2023-09-26,359.00,376.00,353.00,370.00,3.35
2023-09-25,338.40,373.00,338.40,358.00,3.74
2023-09-24,353.00,360.00,345.10,345.10,-4.14
2023-09-21,340.00,374.00,340.00,360.00,5.88
2023-09-19,334.50,341.70,318.00,340.00,3.66
2023-09-18,332.00,332.00,319.90,328.00,0.49
2023-09-17,318.00,326.40,311.80,326.40,0.74
2023-09-13,318.50,337.80,310.00,324.00,3.75
2023-09-12,329.90,330.00,310.30,312.30,-7.22
2023-09-11,332.60,336.60,318.00,336.60,3.22
2023-09-10,330.30,331.00,311.50,326.10,-3.23
2023-09-07,327.00,337.00,316.50,337.00,1.2
2023-09-05,321.50,333.90,316.00,333.00,1.52
2023-09-04,321.00,333.00,317.00,328.00,2.18
2023-09-03,338.70,352.30,319.20,321.00,-3.34
2023-08-30,338.60,345.00,331.50,332.10,0.03
2023-08-29,340.50,354.20,328.00,332.00,-0.6
2023-08-28,330.00,337.10,328.00,334.00,-0.33
2023-08-27,338.20,345.10,335.00,335.10,-2.87
2023-08-24,351.00,366.00,343.30,345.00,-3.63
2023-08-23,357.50,360.00,345.00,358.00,-0.14
2023-08-22,346.00,358.50,330.20,358.50,1.56
2023-08-21,334.00,353.00,330.20,353.00,3.82
2023-08-20,353.60,353.60,334.00,340.00,-5.76
2023-08-17,340.30,368.10,333.70,360.80,3.98
2023-08-16,345.00,372.00,340.20,347.00,-1.14
2023-08-15,353.00,354.00,350.00,351.00,-2.47
2023-08-14,363.00,370.00,353.00,359.90,-0.88
2023-08-13,365.00,393.20,358.10,363.10,-2.13
2023-08-10,390.00,390.00,360.50,371.00,-5.84
2023-08-09,352.10,394.00,348.00,394.00,9.75
2023-08-08,367.90,367.90,355.00,359.00,-4.37
2023-08-07,377.30,385.00,348.20,375.40,-2.49
2023-08-06,366.00,385.00,352.00,385.00,3.47
2023-08-03,375.00,404.00,372.10,372.10,-2.57
2023-08-02,390.10,390.10,374.70,381.90,-4.05
2023-08-01,380.50,398.00,375.00,398.00,4.6
2023-07-31,389.60,405.90,367.80,380.50,-0.39
2023-07-30,386.20,393.00,379.30,382.00,-1.06
2023-07-27,386.00,393.00,386.00,386.10,-1.88
2023-07-26,389.00,398.00,389.00,393.50,-0.4
2023-07-25,394.20,402.00,391.00,395.10,-1.74
2023-07-24,423.30,423.30,398.00,402.10,-3.11
2023-07-23,408.00,428.00,396.00,415.00,2.52
2023-07-20,390.10,406.10,390.00,404.80,1.96
2023-07-19,415.50,417.00,392.70,397.00,-3.41
2023-07-18,403.80,419.00,395.80,411.00,-0.24
2023-07-17,413.60,413.60,390.00,412.00,-2.37
2023-07-16,392.00,422.00,377.50,422.00,5.76
2023-07-13,409.00,433.90,399.00,399.00,-2.44
2023-07-12,384.00,426.50,384.00,409.00,4.74
2023-07-11,385.20,397.00,385.20,390.50,-0.64
2023-07-10,405.80,420.90,393.00,393.00,-5.07
2023-07-09,425.90,425.90,392.60,414.00,-0.96
2023-07-06,399.00,418.00,399.00,418.00,2.73
2023-07-05,417.50,417.50,403.60,406.90,-4.48
2023-07-04,423.00,429.00,408.90,426.00,0.71
2023-07-03,427.30,427.30,400.10,423.00,0.95
2023-07-02,415.00,428.40,415.00,419.00,-0.24
2023-06-28,440.00,461.50,420.00,420.00,-3.45
2023-06-27,440.00,445.00,430.40,435.00,-1.14
2023-06-26,463.40,463.40,434.00,440.00,-6.94
2023-06-25,463.60,472.80,428.00,472.80,4.0
2023-06-22,440.00,470.00,435.00,454.60,2.16
2023-06-21,454.00,470.00,441.00,445.00,-3.89
2023-06-20,490.00,490.00,455.00,463.00,-4.14
2023-06-19,495.90,495.90,466.80,483.00,-4.55
2023-06-18,460.00,506.00,450.90,506.00,10.0
2023-06-15,450.00,460.90,441.00,460.00,3.37
2023-06-14,435.00,461.00,435.00,445.00,0.68
2023-06-13,435.00,469.40,426.30,442.00,-0.16
2023-06-12,450.80,460.00,436.00,442.70,-3.76
2023-06-11,460.00,469.00,445.00,460.00,1.34
2023-06-08,449.00,463.00,427.10,453.90,2.23
2023-06-07,433.00,462.00,425.40,444.00,2.68
2023-06-06,405.80,432.40,401.50,432.40,4.44
2023-06-05,420.00,420.00,408.10,414.00,-0.24
2023-06-04,400.00,424.00,393.00,415.00,5.06
2023-06-01,385.30,399.80,381.00,395.00,0.51
2023-05-31,422.00,422.00,386.30,393.00,-5.64
2023-05-30,400.90,425.00,386.40,416.50,1.83
2023-05-28,408.00,422.00,397.00,409.00,0.81
2023-05-24,428.00,428.00,400.60,405.70,-3.4
2023-05-23,400.90,423.00,387.10,420.00,4.76
2023-05-22,410.00,415.00,388.10,400.90,-2.22
2023-05-21,390.90,412.00,386.00,410.00,2.81
2023-05-18,390.00,398.80,375.10,398.80,4.13
2023-05-17,373.60,388.60,373.60,383.00,0.52
2023-05-16,378.00,384.00,368.00,381.00,0.79
2023-05-15,372.40,382.00,366.30,378.00,-0.53
2023-05-14,394.00,394.00,368.10,380.00,-1.78
2023-05-11,381.30,390.00,374.00,386.90,-0.54
2023-05-10,390.00,390.00,380.00,389.00,1.04
2023-05-09,375.50,403.90,375.50,385.00,0.55
2023-05-08,375.10,385.00,375.10,382.90,0.24
2023-05-07,383.00,390.00,377.00,382.00,-2.05
2023-05-04,373.40,390.00,373.00,390.00,2.36
2023-05-03,385.00,385.00,373.30,381.00,-1.04
2023-05-02,383.50,386.00,380.00,385.00,-1.51
2023-04-30,391.00,397.50,386.70,390.90,-2.01
2023-04-27,381.00,398.90,381.00,398.90,4.1
2023-04-26,383.60,398.10,383.20,383.20,-1.77
2023-04-25,378.30,397.00,378.30,390.10,1.06
2023-04-24,380.00,392.00,380.00,386.00,0.16
2023-04-23,402.00,410.90,383.30,385.40,-2.43
2023-04-20,395.00,408.00,390.00,395.00,-1.23
2023-04-19,379.20,418.00,373.00,399.90,3.36
2023-04-18,375.00,386.90,375.00,386.90,1.28
2023-04-17,377.50,385.00,376.10,382.00,-0.8
2023-04-16,383.00,399.00,375.40,385.10,-1.26
2023-04-13,391.20,420.00,385.10,390.00,-2.26
2023-04-12,380.00,407.00,378.00,399.00,4.59
2023-04-11,368.00,389.00,368.00,381.50,2.01
2023-04-10,365.00,374.00,365.00,374.00,0.54
2023-04-09,372.50,374.00,367.30,372.00,-2.11
2023-04-06,372.70,383.00,372.70,380.00,0.0
2023-04-05,375.00,383.00,370.20,380.00,0.0
2023-04-04,367.00,398.00,367.00,380.00,1.58
2023-04-03,377.30,383.00,370.00,374.10,-2.83
2023-04-02,395.00,395.00,379.90,385.00,-2.53
2023-03-30,394.90,398.00,387.30,395.00,0.05
2023-03-29,399.00,399.00,383.30,394.80,0.71
2023-03-28,400.00,403.00,387.10,392.00,-0.05
2023-03-27,397.00,397.00,377.00,392.20,0.56
2023-03-26,399.30,400.00,384.00,390.00,-0.38
2023-03-23,411.00,411.00,391.00,391.50,-2.88
2023-03-22,409.00,425.40,403.00,403.10,0.52
2023-03-20,395.00,405.20,392.10,401.00,0.5
2023-03-19,403.00,406.50,389.00,399.00,-0.5
2023-03-16,379.50,406.80,379.50,401.00,3.56
2023-03-15,379.30,388.10,375.70,387.20,0.05
2023-03-14,349.00,389.40,349.00,387.00,9.32
2023-03-13,364.00,364.00,345.00,354.00,-2.8
2023-03-12,381.00,382.00,363.10,364.20,-4.41
2023-03-09,368.90,391.00,355.00,381.00,5.34
2023-03-07,335.40,361.70,335.40,361.70,9.97
2023-03-05,299.00,328.90,299.00,328.90,10.0
