date,open,high,low,close,symbol
2021-09-01,1435.0,1446.0,1408.0,1420.0,NABIL
2021-09-02,1420.5,1440.0,1414.0,1418.0,NABIL
2021-09-05,1420.0,1420.0,1372.0,1388.0,NABIL
2021-09-06,1390.0,1445.0,1380.0,1442.0,NABIL
2021-09-07,1455.0,1470.0,1419.0,1429.9,NABIL
2021-09-08,1429.9,1430.0,1404.0,1415.0,NABIL
2021-09-09,1410.0,1420.0,1410.0,1410.0,NABIL
2021-09-12,1415.0,1447.0,1410.0,1440.0,NABIL
2021-09-13,1468.8,1482.0,1440.0,1455.0,NABIL
2021-09-14,1473.0,1473.0,1445.0,1453.0,NABIL
2021-09-15,1470.0,1470.0,1440.0,1445.0,NABIL
2021-09-16,1430.0,1440.0,1408.0,1424.5,NABIL
2021-09-20,1432.0,1440.0,1380.0,1393.0,NABIL
2021-09-21,1393.0,1415.0,1345.0,1389.0,NABIL
2021-09-22,1415.0,1425.0,1400.0,1424.4,NABIL
2021-09-23,1441.1,1455.0,1430.0,1438.0,NABIL
2021-09-26,1450.0,1465.0,1427.0,1431.0,NABIL
2021-09-27,1435.0,1435.0,1403.0,1415.0,NABIL
2021-09-28,1415.0,1415.0,1380.0,1395.0,NABIL
2021-09-29,1420.0,1420.0,1379.0,1408.0,NABIL
2021-09-30,1413.0,1419.0,1401.0,1407.0,NABIL
2021-10-03,1429.9,1429.9,1393.0,1395.0,NABIL
2021-10-04,1392.0,1407.0,1370.0,1397.0,NABIL
2021-10-05,1410.0,1410.0,1394.0,1410.0,NABIL
2021-10-06,1410.0,1453.0,1410.0,1444.9,NABIL
2021-10-10,1462.6,1500.0,1462.6,1474.0,NABIL
2021-10-11,1503.0,1503.0,1439.9,1450.0,NABIL
2021-10-17,1479.0,1507.0,1465.0,1482.0,NABIL
2021-10-18,1482.0,1482.0,1448.0,1468.0,NABIL
2021-10-19,1448.0,1450.0,1420.1,1431.0,NABIL
2021-10-20,1459.6,1479.0,1430.0,1460.0,NABIL
2021-10-21,1460.0,1480.0,1447.0,1471.0,NABIL
2021-10-24,1472.0,1479.0,1462.0,1470.9,NABIL
2021-10-25,1500.3,1500.3,1470.3,1497.0,NABIL
2021-10-26,1505.5,1578.0,1498.0,1569.0,NABIL
2021-10-27,1569.0,1620.0,1559.0,1606.0,NABIL
2021-10-28,1610.0,1619.0,1595.0,1598.0,NABIL
2021-10-31,1600.0,1629.9,1573.0,1580.0,NABIL
2021-11-01,1580.0,1620.0,1551.0,1620.0,NABIL
2021-11-02,1650.0,1650.0,1594.0,1608.0,NABIL
2021-11-03,1640.1,1740.0,1640.1,1653.0,NABIL
2021-11-08,1660.0,1660.0,1605.0,1614.7,NABIL
2021-11-09,1614.7,1614.7,1570.0,1579.0,NABIL
2021-11-11,1579.0,1580.0,1540.0,1550.0,NABIL
2021-11-14,1570.0,1575.0,1540.0,1548.0,NABIL
2021-11-15,1552.0,1576.0,1540.0,1540.0,NABIL
2021-11-16,1550.0,1565.0,1546.1,1559.0,NABIL
2021-11-17,1570.0,1570.0,1548.0,1556.0,NABIL
2021-11-18,1587.1,1587.1,1546.0,1547.0,NABIL
2021-11-21,1560.0,1565.0,1538.0,1544.0,NABIL
2021-11-22,1544.0,1554.9,1540.0,1546.0,NABIL
2021-11-23,1550.0,1550.0,1532.0,1537.0,NABIL
2021-11-24,1545.0,1550.0,1527.0,1545.0,NABIL
2021-11-25,1547.0,1550.0,1535.0,1538.0,NABIL
2021-11-28,1538.0,1538.0,1520.0,1523.0,NABIL
2021-11-29,1523.0,1530.0,1508.0,1526.0,NABIL
2021-11-30,1535.0,1535.0,1518.7,1521.0,NABIL
2021-12-01,1535.3,1535.3,1523.0,1524.2,NABIL
2021-12-02,1524.2,1530.0,1509.0,1512.0,NABIL
2021-12-05,1514.0,1514.0,1471.0,1474.0,NABIL
2021-12-06,1445.0,1495.0,1415.0,1485.0,NABIL
2021-12-07,1513.9,1514.0,1475.0,1475.0,NABIL
2021-12-08,1475.0,1480.0,1450.0,1456.8,NABIL
2021-12-09,1456.0,1459.0,1434.0,1452.9,NABIL
2021-12-12,1453.0,1453.0,1420.5,1421.0,NABIL
2021-12-13,1421.0,1421.0,1364.0,1366.1,NABIL
2021-12-14,1393.0,1460.0,1380.0,1460.0,NABIL
2021-12-15,1460.0,1500.0,1412.0,1450.0,NABIL
2021-12-16,1450.0,1460.0,1421.0,1430.0,NABIL
2021-12-20,1439.9,1439.9,1412.0,1420.0,NABIL
2021-12-21,1423.0,1452.5,1423.0,1452.5,NABIL
2021-12-22,1460.0,1492.0,1455.0,1485.0,NABIL
2021-12-23,1494.0,1499.0,1471.0,1485.0,NABIL
2021-12-26,1514.7,1570.8,1506.0,1524.0,NABIL
2021-12-27,1549.0,1550.0,1485.0,1499.0,NABIL
2021-12-28,1500.0,1500.0,1479.2,1480.0,NABIL
2021-12-29,1499.0,1500.0,1450.0,1450.0,NABIL
2022-01-02,1107.0,1151.5,1086.0,1144.0,NABIL
2022-01-03,1150.0,1160.0,1137.0,1137.0,NABIL
2022-01-04,1137.0,1139.0,1117.2,1119.0,NABIL
2022-01-05,1122.0,1138.0,1110.0,1111.9,NABIL
2022-01-06,1111.0,1123.0,1099.6,1114.0,NABIL
2022-01-09,1120.0,1129.0,1110.0,1113.0,NABIL
2022-01-10,1113.0,1119.9,1106.1,1111.3,NABIL
2022-01-11,1112.0,1117.0,1105.5,1114.8,NABIL
2022-01-12,1120.0,1120.0,1107.0,1107.0,NABIL
2022-01-13,1110.0,1112.0,1104.0,1110.0,NABIL
2022-01-16,1120.0,1147.0,1110.0,1140.0,NABIL
2022-01-17,1162.0,1179.0,1140.0,1178.9,NABIL
2022-01-18,1180.0,1209.0,1180.0,1190.0,NABIL
2022-01-19,1213.0,1213.0,1170.1,1177.0,NABIL
2022-01-20,1182.0,1182.0,1160.0,1178.0,NABIL
2022-01-23,1178.0,1178.0,1155.0,1161.0,NABIL
2022-01-24,1165.0,1165.0,1125.0,1127.0,NABIL
2022-01-25,1135.0,1145.0,1110.0,1129.1,NABIL
2022-01-26,1129.0,1134.9,1115.0,1121.0,NABIL
2022-01-27,1121.0,1130.0,1115.0,1117.0,NABIL
2022-01-30,1139.0,1139.0,1127.1,1135.0,NABIL
2022-01-31,1149.0,1149.0,1125.0,1127.0,NABIL
2022-02-01,1129.9,1129.9,1119.3,1121.1,NABIL
2022-02-03,1141.5,1143.5,1121.0,1122.0,NABIL
2022-02-06,1130.0,1130.0,1108.5,1109.0,NABIL
2022-02-07,1112.0,1112.0,1106.0,1109.0,NABIL
2022-02-08,1128.0,1129.0,1106.0,1107.0,NABIL
2022-02-09,1110.0,1110.0,1098.0,1100.9,NABIL
2022-02-10,1101.0,1101.0,1095.0,1097.1,NABIL
2022-02-13,1095.0,1095.0,1069.0,1070.0,NABIL
2022-02-14,1070.0,1079.0,1064.0,1064.0,NABIL
2022-02-15,1085.0,1085.0,1066.1,1075.0,NABIL
2022-02-16,1096.0,1096.0,1070.3,1080.0,NABIL
2022-02-17,1081.0,1094.0,1070.0,1079.0,NABIL
2022-02-20,1070.0,1075.0,1045.0,1062.0,NABIL
2022-02-21,1070.0,1073.0,1063.0,1067.0,NABIL
2022-02-22,1080.0,1080.0,1069.0,1070.5,NABIL
2022-02-23,1084.0,1085.0,1065.0,1067.5,NABIL
2022-02-24,1065.0,1067.0,1048.0,1051.0,NABIL
2022-02-27,1051.0,1051.0,1040.0,1041.0,NABIL
2022-02-28,1050.0,1059.0,1037.0,1040.0,NABIL
2022-03-02,1040.0,1048.0,1000.0,1006.0,NABIL
2022-03-06,985.9,1020.0,985.9,1002.9,NABIL
2022-03-07,1010.0,1012.0,1000.0,1011.9,NABIL
2022-03-09,1020.0,1020.0,1006.0,1007.9,NABIL
2022-03-10,988.7,1018.0,988.7,1018.0,NABIL
2022-03-13,1036.0,1080.0,1034.0,1079.0,NABIL
2022-03-14,1100.0,1100.5,1081.0,1092.0,NABIL
2022-03-15,1100.0,1100.0,1075.0,1079.0,NABIL
2022-03-16,1079.0,1089.0,1060.0,1064.0,NABIL
2022-03-20,1080.0,1080.0,1055.3,1060.0,NABIL
2022-03-21,1075.0,1075.0,1046.0,1052.0,NABIL
2022-03-22,1060.0,1065.0,1048.1,1050.0,NABIL
2022-03-23,1060.0,1060.0,1043.0,1047.0,NABIL
2022-03-24,1057.0,1057.0,1036.0,1040.0,NABIL
2022-03-27,1055.0,1055.0,1017.0,1020.0,NABIL
2022-03-28,1029.0,1029.0,1010.0,1017.0,NABIL
2022-03-29,1000.1,1030.0,1000.1,1009.0,NABIL
2022-03-30,995.0,1006.0,993.0,1006.0,NABIL
2022-03-31,1015.0,1019.9,1000.0,1002.0,NABIL
2022-04-03,1010.1,1010.1,995.0,997.0,NABIL
2022-04-04,1000.0,1002.0,995.0,997.0,NABIL
2022-04-05,1000.0,1000.0,982.0,984.0,NABIL
2022-04-06,982.0,990.0,963.0,965.0,NABIL
2022-04-07,965.1,976.0,964.0,969.0,NABIL
2022-04-11,980.0,995.0,970.0,971.0,NABIL
2022-04-12,990.0,990.0,958.1,960.0,NABIL
2022-04-13,970.0,972.0,953.0,971.0,NABIL
2022-04-17,980.0,990.0,970.0,971.0,NABIL
2022-04-18,972.0,977.0,955.0,956.0,NABIL
2022-04-19,950.0,961.0,935.0,949.0,NABIL
2022-04-20,949.0,950.0,936.0,940.0,NABIL
2022-04-21,945.0,949.0,918.2,935.0,NABIL
2022-04-24,941.0,951.5,930.0,951.5,NABIL
2022-04-25,965.0,980.0,936.0,940.9,NABIL
2022-04-26,940.9,947.0,936.0,937.9,NABIL
2022-04-27,939.0,944.6,929.2,934.9,NABIL
2022-04-28,934.0,947.0,927.0,928.0,NABIL
2022-05-02,937.5,937.5,916.5,920.0,NABIL
2022-05-04,920.0,925.0,899.0,909.0,NABIL
2022-05-05,910.0,915.0,900.0,901.9,NABIL
2022-05-08,900.0,910.0,880.0,889.0,NABIL
2022-05-09,889.0,907.0,889.0,896.5,NABIL
2022-05-10,912.0,912.0,897.0,909.7,NABIL
2022-05-11,915.0,938.0,915.0,933.0,NABIL
2022-05-12,949.7,951.0,930.0,930.0,NABIL
2022-05-17,930.0,935.0,908.0,910.0,NABIL
2022-05-18,915.0,918.0,905.3,914.0,NABIL
2022-05-19,929.0,929.0,896.0,908.0,NABIL
2022-05-20,901.0,915.0,900.0,906.0,NABIL
2022-05-23,906.0,941.0,898.0,899.0,NABIL
2022-05-24,900.0,905.0,897.0,897.1,NABIL
2022-05-25,915.0,915.0,898.0,900.0,NABIL
2022-05-26,918.0,918.0,897.0,898.6,NABIL
2022-05-27,900.0,900.0,896.0,898.0,NABIL
2022-05-30,900.0,901.0,881.0,890.0,NABIL
2022-05-31,890.0,890.0,865.0,875.0,NABIL
2022-06-01,876.0,883.0,866.0,867.0,NABIL
2022-06-02,883.9,883.9,858.0,861.9,NABIL
2022-06-03,855.0,871.9,843.0,845.0,NABIL
2022-06-06,845.0,860.5,837.9,846.0,NABIL
2022-06-07,850.0,853.0,830.0,831.5,NABIL
2022-06-08,828.1,855.0,828.0,843.0,NABIL
2022-06-09,855.0,864.0,846.0,846.4,NABIL
2022-06-10,850.0,855.0,840.0,848.1,NABIL
2022-06-13,850.0,850.0,844.8,846.0,NABIL
2022-06-14,846.0,846.0,834.0,838.5,NABIL
2022-06-15,838.0,838.0,810.0,825.0,NABIL
2022-06-16,821.0,833.0,815.0,825.0,NABIL
2022-06-17,835.0,835.0,817.0,817.0,NABIL
2022-06-19,817.0,820.5,814.0,816.0,NABIL
2022-06-20,814.0,814.0,793.0,794.9,NABIL
2022-06-21,795.0,799.0,783.0,792.0,NABIL
2022-06-22,799.0,799.9,778.0,782.0,NABIL
2022-06-23,775.0,777.0,748.0,749.0,NABIL
2022-06-24,749.0,750.0,726.0,740.0,NABIL
2022-06-26,754.8,780.0,750.0,775.0,NABIL
2022-06-27,790.0,810.0,775.0,780.0,NABIL
2022-06-28,794.0,794.0,765.0,778.0,NABIL
2022-06-29,780.0,799.0,770.0,795.0,NABIL
2022-06-30,800.0,835.0,800.0,835.0,NABIL
2022-07-01,850.0,866.0,833.0,856.0,NABIL
2022-07-03,856.0,890.0,856.0,889.0,NABIL
2022-07-04,900.0,916.0,893.8,895.0,NABIL
2022-07-05,895.0,900.0,860.1,872.0,NABIL
2022-07-06,885.0,889.0,837.0,864.0,NABIL
2022-07-07,864.0,886.0,844.0,845.0,NABIL
2022-07-08,845.0,847.0,825.5,826.0,NABIL
2022-07-11,831.0,831.0,792.0,792.0,NABIL
2022-07-12,796.0,804.9,787.0,796.9,NABIL
2022-07-13,800.0,812.0,798.0,811.0,NABIL
2022-07-14,826.0,841.2,808.5,817.0,NABIL
2022-07-15,829.9,829.9,817.0,824.0,NABIL
2022-07-17,828.0,835.0,821.0,830.0,NABIL
2022-07-18,832.0,837.0,825.0,832.0,NABIL
2022-07-19,844.9,845.0,832.0,838.0,NABIL
2022-07-20,847.2,850.0,836.0,845.0,NABIL
2022-07-21,847.0,859.8,841.0,855.0,NABIL
2022-07-22,855.0,855.0,836.0,839.9,NABIL
2022-07-24,853.0,866.0,848.0,860.0,NABIL
2022-07-25,870.9,888.8,870.0,885.0,NABIL
2022-07-26,895.0,895.0,865.5,866.0,NABIL
2022-07-27,866.0,870.0,853.0,866.0,NABIL
2022-07-28,880.0,880.0,865.0,866.0,NABIL
2022-07-29,866.0,880.0,865.0,869.9,NABIL
2022-07-31,879.0,882.0,871.0,881.0,NABIL
2022-08-01,894.9,897.5,880.0,881.9,NABIL
2022-08-02,881.0,884.0,870.0,877.0,NABIL
2022-08-03,880.0,883.0,859.1,862.0,NABIL
2022-08-04,879.2,879.2,850.0,850.0,NABIL
2022-08-05,850.0,850.0,817.0,819.7,NABIL
2022-08-07,819.7,828.0,802.0,817.0,NABIL
2022-08-08,820.0,821.0,800.0,803.0,NABIL
2022-08-09,808.0,808.0,787.2,788.1,NABIL
2022-08-10,787.0,796.0,781.0,790.0,NABIL
2022-08-11,800.0,804.0,790.0,793.0,NABIL
2022-08-14,800.0,800.0,787.0,789.0,NABIL
2022-08-15,793.0,799.4,789.0,799.4,NABIL
2022-08-16,806.9,808.0,798.0,799.0,NABIL
2022-08-17,799.0,801.0,793.0,794.5,NABIL
2022-08-18,800.0,805.0,795.0,802.0,NABIL
2022-08-21,802.0,815.0,800.0,801.0,NABIL
2022-08-22,805.0,806.0,795.0,799.0,NABIL
2022-08-23,800.0,803.0,797.0,801.9,NABIL
2022-08-24,806.0,810.0,800.0,802.0,NABIL
2022-08-25,808.0,809.9,799.0,800.0,NABIL
2022-08-26,800.0,802.0,795.0,795.9,NABIL
2022-08-28,795.0,799.9,790.0,793.5,NABIL
2022-08-29,793.0,798.0,782.0,790.0,NABIL
2022-08-30,789.0,795.0,783.0,789.5,NABIL
2022-08-31,790.0,798.0,785.5,786.0,NABIL
2022-09-01,790.0,791.0,781.0,784.0,NABIL
2022-09-02,786.0,790.0,781.0,784.9,NABIL
2022-09-04,783.0,789.9,777.0,779.9,NABIL
2022-09-05,785.0,785.0,775.0,776.1,NABIL
2022-09-06,784.0,784.0,768.0,768.0,NABIL
2022-09-07,767.0,771.0,763.0,763.2,NABIL
2022-09-08,764.0,765.0,758.0,760.0,NABIL
2022-09-11,760.0,767.0,755.0,759.0,NABIL
2022-09-12,755.0,761.0,748.3,755.0,NABIL
2022-09-13,765.0,772.0,751.0,770.0,NABIL
2022-09-14,775.0,802.0,774.0,799.0,NABIL
2022-09-15,812.0,812.8,779.0,781.0,NABIL
2022-09-16,768.0,779.9,761.0,772.0,NABIL
2022-09-18,780.0,780.0,762.7,764.0,NABIL
2022-09-20,765.0,769.0,749.2,749.5,NABIL
2022-09-21,752.0,768.2,750.0,762.1,NABIL
2022-09-22,765.0,770.0,755.0,759.0,NABIL
2022-09-25,759.0,759.0,746.0,752.9,NABIL
2022-09-27,750.0,776.0,750.0,770.0,NABIL
2022-09-28,777.0,777.0,767.0,767.0,NABIL
2022-09-29,777.0,780.0,769.0,780.0,NABIL
2022-10-09,781.7,808.0,781.7,807.0,NABIL
2022-10-10,823.1,823.1,793.8,797.0,NABIL
2022-10-11,800.0,800.0,788.0,792.0,NABIL
2022-10-12,797.0,797.0,787.2,794.0,NABIL
2022-10-13,794.0,804.0,790.0,796.0,NABIL
2022-10-16,796.0,798.0,790.0,794.0,NABIL
2022-10-17,795.0,799.5,793.0,794.0,NABIL
2022-10-19,795.0,800.0,790.0,798.5,NABIL
2022-10-20,800.0,801.0,791.0,796.5,NABIL
2022-10-23,800.0,809.9,796.5,808.0,NABIL
2022-10-31,810.0,819.0,809.0,816.0,NABIL
2022-11-01,818.0,839.6,813.0,835.0,NABIL
2022-11-02,835.0,844.0,825.0,830.0,NABIL
2022-11-03,830.0,835.0,820.2,824.0,NABIL
2022-11-06,830.0,834.0,820.1,831.1,NABIL
2022-11-07,841.5,842.0,832.0,834.0,NABIL
2022-11-08,827.0,835.0,827.0,833.0,NABIL
2022-11-09,834.0,866.5,822.6,823.5,NABIL
2022-11-10,837.0,837.0,814.0,815.0,NABIL
2022-11-13,816.0,822.0,810.0,811.0,NABIL
2022-11-14,815.0,815.0,803.0,814.0,NABIL
2022-11-15,827.0,827.0,814.0,817.9,NABIL
2022-11-16,821.0,821.0,814.0,819.5,NABIL
2022-11-17,821.0,829.0,821.0,827.3,NABIL
2022-11-22,828.0,840.0,827.4,829.0,NABIL
2022-11-23,830.0,835.0,822.1,824.6,NABIL
2022-11-24,830.0,832.0,820.0,831.0,NABIL
2022-11-27,832.0,876.0,832.0,876.0,NABIL
2022-11-28,890.0,890.0,870.0,874.0,NABIL
2022-11-29,876.0,880.0,866.7,877.0,NABIL
2022-11-30,878.0,883.5,870.1,882.0,NABIL
2022-12-01,865.0,915.0,865.0,913.0,NABIL
2022-12-04,922.0,930.0,879.3,882.0,NABIL
2022-12-05,866.0,895.0,866.0,883.0,NABIL
2022-12-06,900.6,900.6,875.1,888.0,NABIL
2022-12-07,884.0,890.0,879.0,881.0,NABIL
2022-12-11,880.0,880.0,842.8,846.0,NABIL
2022-12-12,846.0,846.0,801.7,815.0,NABIL
2022-12-13,816.0,816.9,804.7,807.1,NABIL
2022-12-14,807.0,818.0,807.0,808.0,NABIL
2022-12-15,815.0,815.0,803.5,804.0,NABIL
2022-12-18,810.0,810.0,793.0,794.0,NABIL
2022-12-19,795.0,800.0,794.0,797.0,NABIL
2022-12-20,800.0,807.0,797.0,800.0,NABIL
2022-12-21,816.0,816.0,800.0,807.0,NABIL
2022-12-22,809.0,811.0,800.1,810.0,NABIL
2022-12-26,811.0,840.0,811.0,838.0,NABIL
2022-12-27,847.0,860.0,834.0,842.0,NABIL
2022-12-28,845.0,847.0,826.1,834.9,NABIL
2022-12-29,840.0,844.0,835.1,843.0,NABIL
2023-01-01,859.0,865.0,850.0,854.5,NABIL
2023-01-02,735.5,751.0,725.0,739.0,NABIL
2023-01-03,743.0,750.0,735.0,736.0,NABIL
2023-01-04,750.0,750.0,730.0,736.9,NABIL
2023-01-05,744.0,745.0,727.0,727.0,NABIL
2023-01-08,738.9,739.0,718.5,719.1,NABIL
2023-01-09,733.4,733.4,712.0,719.0,NABIL
2023-01-10,720.0,735.0,718.0,719.2,NABIL
2023-01-12,733.5,733.5,713.7,714.0,NABIL
2023-01-17,724.0,725.0,709.0,711.0,NABIL
2023-01-18,712.0,718.0,703.0,703.9,NABIL
2023-01-19,705.0,710.0,701.0,703.5,NABIL
2023-01-23,717.5,729.0,710.0,710.9,NABIL
2023-01-24,711.0,715.0,709.0,713.0,NABIL
2023-01-25,717.0,719.0,709.0,709.1,NABIL
2023-01-26,714.0,714.5,705.3,705.6,NABIL
2023-01-29,707.0,709.0,701.1,702.5,NABIL
2023-01-30,688.5,706.0,688.5,698.0,NABIL
2023-01-31,700.0,700.0,688.0,690.4,NABIL
2023-02-01,695.0,695.0,686.0,690.0,NABIL
2023-02-02,692.0,694.5,685.1,688.0,NABIL
2023-02-05,690.0,698.0,678.0,681.0,NABIL
2023-02-06,682.0,688.0,675.0,677.3,NABIL
2023-02-07,677.3,692.0,677.3,691.9,NABIL
2023-02-08,705.0,705.7,685.0,688.0,NABIL
2023-02-09,690.0,698.0,676.0,693.0,NABIL
2023-02-12,689.0,690.0,680.0,683.0,NABIL
2023-02-14,683.0,683.0,674.0,675.0,NABIL
2023-02-15,675.0,688.5,670.1,674.5,NABIL
2023-02-16,675.0,676.0,669.0,670.2,NABIL
2023-02-20,670.2,670.2,661.0,662.5,NABIL
2023-02-22,674.8,689.5,664.2,678.9,NABIL
2023-02-23,678.0,679.0,665.0,669.0,NABIL
2023-02-26,668.0,670.0,652.0,663.5,NABIL
2023-02-27,672.0,675.1,658.0,661.0,NABIL
2023-02-28,665.0,669.0,656.1,657.0,NABIL
2023-03-01,657.0,660.0,654.0,655.0,NABIL
2023-03-02,652.0,653.0,648.0,649.1,NABIL
2023-03-05,650.0,650.0,635.0,637.3,NABIL
2023-03-07,640.0,642.0,637.0,639.0,NABIL
2023-03-09,641.0,648.9,641.0,647.0,NABIL
2023-03-12,650.0,653.0,635.0,636.9,NABIL
2023-03-13,624.2,635.0,624.2,629.9,NABIL
2023-03-14,634.0,634.0,623.0,625.0,NABIL
2023-03-15,628.0,628.0,618.0,618.0,NABIL
2023-03-16,623.0,623.0,605.0,613.0,NABIL
2023-03-19,625.0,625.0,605.0,606.0,NABIL
2023-03-20,607.0,613.7,606.5,613.0,NABIL
2023-03-22,615.0,619.9,610.0,613.0,NABIL
2023-03-23,610.0,612.0,603.0,605.0,NABIL
2023-03-26,605.5,605.5,596.0,596.0,NABIL
2023-03-27,596.0,605.0,588.1,604.0,NABIL
2023-03-28,607.0,612.5,602.0,606.5,NABIL
2023-03-29,610.0,610.0,599.0,609.0,NABIL
2023-03-30,612.0,612.0,600.6,603.0,NABIL
2023-04-02,606.0,610.0,595.0,597.8,NABIL
2023-04-03,600.0,600.0,587.0,589.9,NABIL
2023-04-04,595.0,595.0,586.1,589.0,NABIL
2023-04-05,595.0,595.0,588.0,590.0,NABIL
2023-04-06,595.0,600.0,588.0,592.2,NABIL
2023-04-09,590.0,590.0,578.1,580.0,NABIL
2023-04-10,580.0,588.0,577.0,582.1,NABIL
2023-04-11,593.7,593.7,582.1,592.0,NABIL
2023-04-12,603.8,630.9,598.0,629.0,NABIL
2023-04-13,641.5,643.8,610.0,618.9,NABIL
2023-04-16,618.9,630.0,613.0,617.0,NABIL
2023-04-17,617.0,625.0,615.0,616.0,NABIL
2023-04-18,604.0,620.0,604.0,616.0,NABIL
2023-04-19,603.7,627.0,603.7,620.0,NABIL
2023-04-20,608.0,632.0,608.0,620.0,NABIL
2023-04-23,620.0,621.0,607.7,609.0,NABIL
2023-04-24,610.0,612.0,603.0,605.0,NABIL
2023-04-25,606.0,607.0,600.0,605.5,NABIL
2023-04-26,607.5,610.0,603.5,604.0,NABIL
2023-04-27,602.0,605.5,598.0,600.0,NABIL
2023-04-30,605.0,605.0,593.0,597.0,NABIL
2023-05-02,585.1,608.0,585.1,599.5,NABIL
2023-05-03,600.0,600.0,595.0,598.5,NABIL
2023-05-04,600.0,600.0,595.0,598.9,NABIL
2023-05-07,600.0,600.0,593.1,595.0,NABIL
2023-05-08,595.0,595.0,591.0,593.0,NABIL
2023-05-09,581.8,612.0,581.8,595.0,NABIL
2023-05-10,600.0,600.0,589.0,590.0,NABIL
2023-05-11,590.0,594.0,589.0,590.0,NABIL
2023-05-14,590.0,601.0,583.5,584.9,NABIL
2023-05-15,584.0,595.0,583.1,583.8,NABIL
2023-05-16,592.0,592.0,582.0,584.0,NABIL
2023-05-17,590.0,594.0,586.0,590.0,NABIL
2023-05-18,590.0,600.0,590.0,590.0,NABIL
2023-05-21,601.0,611.0,595.0,595.1,NABIL
2023-05-22,600.0,601.0,592.0,599.0,NABIL
2023-05-23,605.0,607.0,598.0,605.5,NABIL
2023-05-24,605.0,613.9,603.0,606.0,NABIL
2023-05-28,610.0,615.0,600.0,601.0,NABIL
2023-05-30,600.0,602.0,584.0,587.3,NABIL
2023-05-31,585.0,592.0,575.6,581.5,NABIL
2023-06-01,584.0,590.0,580.0,587.8,NABIL
2023-06-04,590.0,606.9,590.0,595.4,NABIL
2023-06-05,599.9,606.0,591.0,591.0,NABIL
2023-06-06,590.1,599.0,590.0,591.7,NABIL
2023-06-07,591.7,599.0,591.0,591.3,NABIL
2023-06-08,590.0,595.0,587.0,590.9,NABIL
2023-06-11,585.0,596.7,585.0,594.0,NABIL
2023-06-12,600.0,602.0,595.0,597.0,NABIL
2023-06-13,599.9,601.0,595.0,597.0,NABIL
2023-06-14,603.0,604.0,597.0,599.0,NABIL
2023-06-15,610.0,610.0,596.0,598.0,NABIL
2023-06-18,600.0,601.0,595.1,596.0,NABIL
2023-06-19,598.0,605.2,593.1,594.0,NABIL
2023-06-20,599.0,603.0,595.0,595.3,NABIL
2023-06-21,600.0,600.0,589.1,590.1,NABIL
2023-06-22,595.0,597.0,585.4,588.5,NABIL
2023-06-25,594.0,594.0,581.5,587.0,NABIL
2023-06-26,593.0,593.0,585.2,586.0,NABIL
2023-06-27,593.0,609.9,587.0,608.9,NABIL
2023-06-28,620.0,633.0,605.0,606.0,NABIL
2023-07-02,615.0,615.0,591.0,594.0,NABIL
2023-07-03,594.0,594.0,584.0,584.9,NABIL
2023-07-04,585.1,590.0,584.0,586.0,NABIL
2023-07-05,574.3,597.1,574.3,582.6,NABIL
2023-07-06,584.0,594.0,580.0,582.1,NABIL
2023-07-09,590.0,593.6,582.0,583.0,NABIL
2023-07-10,593.0,593.0,581.0,583.0,NABIL
2023-07-11,584.0,587.0,580.0,583.0,NABIL
2023-07-12,585.0,589.9,585.0,586.0,NABIL
2023-07-13,574.3,597.9,574.3,590.0,NABIL
2023-07-16,595.0,605.9,590.0,599.2,NABIL
2023-07-17,607.0,612.0,598.0,611.0,NABIL
2023-07-18,620.9,621.6,610.0,613.0,NABIL
2023-07-19,619.0,619.0,612.0,616.8,NABIL
2023-07-20,620.0,628.9,620.0,624.0,NABIL
2023-07-23,630.0,649.6,625.2,649.0,NABIL
2023-07-24,650.0,653.0,636.0,639.0,NABIL
2023-07-25,640.0,640.0,621.0,623.6,NABIL
2023-07-26,629.0,629.5,618.0,623.5,NABIL
2023-07-27,625.0,628.0,616.0,618.0,NABIL
2023-07-30,623.0,623.9,614.0,616.0,NABIL
2023-07-31,605.0,623.0,605.0,615.0,NABIL
2023-08-01,620.0,621.0,611.0,611.1,NABIL
2023-08-02,619.9,620.0,609.0,613.0,NABIL
2023-08-03,618.0,621.0,612.0,613.0,NABIL
2023-08-06,625.2,637.7,607.0,612.0,NABIL
2023-08-07,612.0,614.9,602.0,610.0,NABIL
2023-08-08,610.0,614.0,600.0,600.0,NABIL
2023-08-09,604.0,604.0,594.0,603.0,NABIL
2023-08-10,604.0,607.3,602.0,606.5,NABIL
2023-08-13,608.0,610.0,600.0,603.5,NABIL
2023-08-14,591.5,605.0,591.5,602.8,NABIL
2023-08-15,601.0,601.0,596.6,599.0,NABIL
2023-08-16,599.0,600.0,590.0,592.0,NABIL
2023-08-17,602.5,602.7,592.0,593.0,NABIL
2023-08-20,595.0,597.0,588.0,591.9,NABIL
2023-08-21,590.0,598.9,585.0,591.5,NABIL
2023-08-22,592.0,600.0,590.0,594.0,NABIL
2023-08-23,594.0,599.9,592.1,599.0,NABIL
2023-08-24,595.0,600.0,591.1,592.5,NABIL
2023-08-27,592.5,595.0,589.1,590.0,NABIL
2023-08-28,596.0,596.0,590.0,590.1,NABIL
2023-08-29,592.1,596.0,588.1,590.0,NABIL
2023-08-30,596.0,596.0,586.2,587.3,NABIL
2023-09-03,587.3,590.0,583.0,584.0,NABIL
2023-09-04,584.0,587.0,575.3,584.0,NABIL
2023-09-05,586.0,589.9,580.6,581.8,NABIL
2023-09-07,585.0,585.0,576.5,577.2,NABIL
2023-09-10,578.9,582.0,577.0,580.0,NABIL
2023-09-11,587.0,592.0,578.3,588.7,NABIL
2023-09-12,598.0,599.0,583.0,584.0,NABIL
2023-09-13,581.0,590.0,581.0,588.0,NABIL
2023-09-17,599.7,608.0,590.0,593.0,NABIL
2023-09-18,592.0,592.0,585.0,591.1,NABIL
2023-09-19,592.0,598.0,586.0,589.0,NABIL
2023-09-21,591.0,603.0,591.0,593.0,NABIL
2023-09-24,593.0,598.0,586.8,592.0,NABIL
2023-09-25,591.1,598.9,588.0,595.0,NABIL
2023-09-26,603.0,603.0,592.0,594.0,NABIL
2023-09-27,600.0,604.0,590.0,591.5,NABIL
2023-10-01,590.0,591.5,584.0,585.0,NABIL
2023-10-02,583.0,588.4,579.5,583.0,NABIL
2023-10-03,585.0,589.0,582.1,584.0,NABIL
2023-10-04,586.8,586.8,580.5,583.8,NABIL
2023-10-05,580.2,584.6,580.0,581.7,NABIL
2023-10-08,593.3,593.3,574.5,575.0,NABIL
2023-10-09,579.0,580.0,571.0,571.8,NABIL
2023-10-10,572.0,575.0,568.0,569.0,NABIL
2023-10-11,570.0,570.9,566.5,567.0,NABIL
2023-10-12,570.0,570.0,560.5,566.9,NABIL
2023-10-16,578.0,578.0,566.5,568.0,NABIL
2023-10-17,579.0,580.0,570.0,572.1,NABIL
2023-10-18,583.0,589.9,573.0,589.5,NABIL
2023-10-19,596.5,596.5,586.0,590.0,NABIL
2023-10-29,590.0,590.4,579.2,581.0,NABIL
2023-10-30,575.0,580.0,572.0,580.0,NABIL
2023-10-31,579.0,585.0,575.0,578.0,NABIL
2023-11-01,575.0,580.0,575.0,577.6,NABIL
2023-11-02,582.0,582.0,572.0,572.9,NABIL
2023-11-05,572.0,573.0,564.0,566.0,NABIL
2023-11-06,570.0,577.0,567.0,568.0,NABIL
2023-11-07,577.8,577.8,567.0,569.9,NABIL
2023-11-08,571.0,575.0,568.0,571.5,NABIL
2023-11-09,571.5,571.5,569.0,569.2,NABIL
2023-11-20,572.0,572.5,562.0,565.0,NABIL
2023-11-21,566.0,575.0,560.0,561.0,NABIL
2023-11-22,563.0,563.0,558.0,561.0,NABIL
2023-11-23,549.9,549.9,505.1,515.0,NABIL
2023-11-26,510.0,533.4,499.0,533.4,NABIL
2023-11-27,540.0,540.0,522.0,526.0,NABIL
2023-11-28,529.8,529.8,515.5,517.0,NABIL
2023-11-29,517.0,520.0,508.9,511.9,NABIL
2023-11-30,512.0,512.0,507.0,508.9,NABIL
2023-12-03,516.0,516.0,505.0,506.0,NABIL
2023-12-04,498.0,510.0,498.0,502.0,NABIL
2023-12-05,504.0,510.0,502.0,502.1,NABIL
2023-12-06,508.0,509.0,500.0,505.0,NABIL
2023-12-07,513.5,514.0,501.0,507.6,NABIL
2023-12-10,516.8,530.0,514.0,528.5,NABIL
2023-12-11,539.0,539.0,520.0,522.0,NABIL
2023-12-12,528.0,528.0,520.0,521.2,NABIL
2023-12-13,530.0,530.0,520.0,521.0,NABIL
2023-12-14,525.0,527.9,521.0,522.8,NABIL
2023-12-17,515.0,518.9,493.0,513.0,NABIL
2023-12-18,513.7,519.5,510.0,513.0,NABIL
2023-12-19,523.2,523.2,514.0,518.0,NABIL
2023-12-20,525.0,528.0,518.6,520.0,NABIL
2023-12-21,520.0,525.0,520.0,523.0,NABIL
2023-12-24,523.0,527.0,515.0,515.0,NABIL
2023-12-27,520.0,520.0,508.0,508.0,NABIL
2023-12-28,499.0,514.0,499.0,506.0,NABIL
2024-01-01,513.0,513.0,505.0,505.9,NABIL
2024-01-02,506.0,510.0,498.0,499.9,NABIL
2024-01-03,500.0,501.5,488.6,496.0,NABIL
2024-01-04,498.0,500.9,495.0,495.5,NABIL
2024-01-07,500.0,500.0,489.5,490.0,NABIL
2024-01-08,495.0,495.0,488.0,488.1,NABIL
2024-01-09,488.1,495.0,488.1,490.0,NABIL
2024-01-10,495.0,500.0,490.0,492.0,NABIL
2024-01-11,499.0,499.9,490.0,493.0,NABIL
2024-01-14,500.0,501.0,493.5,494.5,NABIL
2024-01-16,500.0,502.0,498.0,501.0,NABIL
2024-01-17,503.5,512.0,503.0,504.0,NABIL
2024-01-18,507.0,507.0,498.0,498.0,NABIL
2024-01-21,504.0,504.0,492.0,493.0,NABIL
2024-01-22,495.0,495.0,486.5,489.0,NABIL
2024-01-23,489.0,496.0,484.0,484.5,NABIL
2024-01-24,492.0,493.0,484.0,484.9,NABIL
2024-01-25,492.5,492.5,483.2,488.0,NABIL
2024-01-28,497.0,497.0,487.7,491.0,NABIL
2024-01-29,492.0,495.0,485.0,488.0,NABIL
2024-01-30,485.0,494.0,485.0,487.0,NABIL
2024-01-31,489.0,490.0,484.6,484.6,NABIL
2024-02-01,494.2,494.2,480.0,480.6,NABIL
2024-02-04,482.0,483.9,477.0,477.0,NABIL
2024-02-05,481.0,481.0,474.9,475.0,NABIL
2024-02-06,479.0,484.0,475.0,475.0,NABIL
2024-02-07,484.5,484.5,474.5,475.1,NABIL
2024-02-08,476.0,480.0,475.0,476.5,NABIL
2024-02-11,486.0,486.0,474.5,475.0,NABIL
2024-02-12,476.0,477.0,474.0,477.0,NABIL
2024-02-13,477.0,479.9,469.1,471.5,NABIL
2024-02-14,471.5,471.5,464.5,465.5,NABIL
2024-02-15,465.0,466.0,462.0,462.5,NABIL
2024-02-18,456.0,465.0,455.5,457.7,NABIL
2024-02-20,456.0,460.0,448.0,449.0,NABIL
2024-02-21,450.0,454.8,448.0,449.0,NABIL
2024-02-22,450.0,452.9,443.0,445.0,NABIL
2024-02-25,445.0,445.0,434.0,436.5,NABIL
2024-02-26,436.5,440.0,430.1,434.0,NABIL
2024-02-27,434.0,440.0,432.5,437.8,NABIL
2024-02-28,442.0,442.0,435.0,435.0,NABIL
2024-02-29,435.0,435.0,429.0,429.5,NABIL
2024-03-03,429.5,432.0,422.0,424.0,NABIL
2024-03-04,432.4,458.3,432.0,458.3,NABIL
2024-03-05,459.0,459.0,435.0,446.0,NABIL
2024-03-06,448.0,450.0,440.0,442.0,NABIL
2024-03-07,450.0,450.0,442.0,445.5,NABIL
2024-03-10,448.0,451.0,447.0,449.8,NABIL
2024-03-12,458.7,470.0,455.0,469.0,NABIL
2024-03-13,477.0,479.9,467.0,473.0,NABIL
2024-03-14,480.0,480.0,468.3,471.9,NABIL
2024-03-17,478.0,480.0,462.0,464.0,NABIL
2024-03-18,473.0,473.0,459.0,461.0,NABIL
2024-03-19,460.0,462.0,456.0,460.0,NABIL
2024-03-20,463.0,465.0,456.0,457.0,NABIL
2024-03-21,459.9,459.9,449.0,451.0,NABIL
2024-03-25,458.0,458.0,444.4,445.0,NABIL
2024-03-26,445.1,448.0,440.0,441.8,NABIL
2024-03-27,442.0,447.0,440.0,440.5,NABIL
2024-03-28,442.0,444.0,440.0,442.5,NABIL
2024-03-31,443.0,448.0,437.9,440.0,NABIL
2024-04-01,437.0,439.0,432.0,439.0,NABIL
2024-04-02,437.0,440.0,432.0,436.0,NABIL
2024-04-03,439.0,439.0,432.0,434.0,NABIL
2024-04-04,434.0,436.0,432.7,434.0,NABIL
2024-04-07,434.0,438.0,430.1,438.0,NABIL
2024-04-09,446.7,446.7,432.0,439.0,NABIL
2024-04-10,440.0,442.0,436.0,438.0,NABIL
2024-04-14,438.0,446.0,436.6,438.0,NABIL
2024-04-15,438.0,439.0,434.1,435.0,NABIL
2024-04-16,435.0,435.0,431.0,433.0,NABIL
2024-04-18,433.0,434.0,429.0,429.9,NABIL
2024-04-21,437.0,437.0,422.0,428.0,NABIL
2024-04-22,428.0,435.0,428.0,429.0,NABIL
2024-04-24,430.0,435.0,428.5,429.0,NABIL
2024-04-25,429.0,433.0,427.0,427.3,NABIL
2024-04-28,435.8,435.8,427.0,427.0,NABIL
2024-04-29,435.5,435.5,424.5,429.0,NABIL
2024-04-30,437.5,437.5,426.0,431.5,NABIL
2024-05-02,440.1,440.1,427.5,429.5,NABIL
2024-05-05,430.0,432.0,425.0,426.0,NABIL
2024-05-06,427.0,427.0,423.0,424.0,NABIL
2024-05-07,422.3,430.7,421.9,422.0,NABIL
2024-05-08,427.0,427.0,422.0,424.5,NABIL
2024-05-09,428.0,428.0,419.0,422.7,NABIL
2024-05-12,421.1,425.0,420.0,422.0,NABIL
2024-05-13,426.0,431.5,422.4,430.8,NABIL
2024-05-14,435.5,435.5,430.0,433.5,NABIL
2024-05-15,440.0,441.0,434.0,434.0,NABIL
2024-05-16,442.6,442.6,428.0,431.0,NABIL
2024-05-19,439.6,439.6,432.2,437.0,NABIL
2024-05-20,443.0,463.4,441.0,458.0,NABIL
2024-05-21,460.0,481.0,457.0,480.9,NABIL
2024-05-22,480.9,515.0,480.9,514.0,NABIL
2024-05-26,515.0,532.0,507.0,517.0,NABIL
2024-05-27,523.9,523.9,500.2,507.9,NABIL
2024-05-29,505.0,522.0,488.5,489.0,NABIL
2024-05-30,485.0,492.0,469.8,478.3,NABIL
2024-06-02,476.0,490.5,476.0,490.0,NABIL
2024-06-03,496.9,497.0,484.0,484.9,NABIL
2024-06-04,493.0,493.0,480.3,483.0,NABIL
2024-06-05,483.0,487.6,479.0,480.0,NABIL
2024-06-06,480.1,485.0,477.0,477.0,NABIL
2024-06-09,486.5,486.5,474.0,474.0,NABIL
2024-06-10,483.4,483.4,462.6,468.0,NABIL
2024-06-11,477.3,478.1,466.1,478.0,NABIL
2024-06-12,480.0,490.0,480.0,483.0,NABIL
2024-06-13,490.0,490.0,479.0,479.1,NABIL
2024-06-16,488.6,488.6,473.2,475.0,NABIL
2024-06-18,483.0,483.0,468.7,469.0,NABIL
2024-06-19,469.0,475.0,469.0,472.0,NABIL
2024-06-20,481.4,481.4,469.6,470.1,NABIL
2024-06-23,469.0,469.0,465.0,466.0,NABIL
2024-06-24,464.0,467.0,461.1,461.1,NABIL
2024-06-25,462.0,465.0,455.3,458.2,NABIL
2024-06-26,458.8,460.0,455.1,456.0,NABIL
2024-06-27,456.0,457.0,454.6,456.0,NABIL
2024-06-30,456.9,461.0,450.8,452.0,NABIL
2024-07-01,457.0,458.8,450.0,458.8,NABIL
2024-07-02,467.9,499.3,466.0,477.1,NABIL
2024-07-03,477.0,484.0,469.0,484.0,NABIL
2024-07-04,485.0,490.0,480.0,487.0,NABIL
2024-07-07,487.0,490.0,482.0,487.0,NABIL
2024-07-08,487.0,490.0,482.0,490.0,NABIL
2024-07-09,490.0,491.9,482.1,490.2,NABIL
2024-07-10,500.0,500.0,490.0,497.1,NABIL
2024-07-11,507.0,507.0,498.6,507.0,NABIL
2024-07-14,517.1,547.0,517.0,529.0,NABIL
2024-07-15,539.5,545.0,521.0,524.0,NABIL
2024-07-16,534.4,534.4,514.5,532.9,NABIL
2024-07-17,539.0,543.0,531.0,538.0,NABIL
2024-07-18,538.0,589.0,538.0,567.0,NABIL
2024-07-21,578.0,584.0,568.0,577.0,NABIL
2024-07-22,580.0,587.0,563.0,574.0,NABIL
2024-07-23,574.0,580.0,563.0,579.0,NABIL
2024-07-24,576.0,590.0,570.0,579.0,NABIL
2024-07-25,579.0,579.0,570.0,575.9,NABIL
2024-07-28,587.4,633.4,587.4,633.4,NABIL
2024-07-29,646.0,690.0,643.0,649.0,NABIL
2024-07-30,658.9,658.9,620.0,644.0,NABIL
2024-07-31,656.8,656.8,640.0,649.3,NABIL
2024-08-01,649.3,660.0,638.0,645.0,NABIL
2024-08-05,657.9,700.0,657.0,660.0,NABIL
2024-08-06,668.0,668.0,624.0,625.0,NABIL
2024-08-07,613.0,640.0,608.0,631.5,NABIL
2024-08-08,644.1,644.1,628.0,630.0,NABIL
2024-08-11,640.0,643.0,635.0,639.1,NABIL
2024-08-12,645.0,657.9,640.0,646.9,NABIL
2024-08-13,648.0,658.9,643.0,647.9,NABIL
2024-08-14,650.0,650.0,640.0,645.0,NABIL
2024-08-15,657.9,673.0,647.0,660.0,NABIL
2024-08-18,670.0,682.0,656.0,662.0,NABIL
2024-08-21,675.0,675.0,651.0,658.3,NABIL
2024-08-22,658.3,668.0,652.0,654.0,NABIL
2024-08-25,654.0,654.0,636.0,636.9,NABIL
2024-08-27,625.0,640.0,605.0,605.6,NABIL
2024-08-28,617.7,630.0,609.7,616.0,NABIL
2024-08-29,625.0,625.0,600.0,605.0,NABIL
2024-09-01,614.0,614.0,589.0,595.0,NABIL
2024-09-02,600.0,612.0,585.0,611.7,NABIL
2024-09-03,615.0,623.0,610.0,610.0,NABIL
2024-09-04,622.2,622.2,595.0,595.0,NABIL
2024-09-05,596.0,598.0,585.0,592.0,NABIL
2024-09-08,603.8,603.8,585.0,586.0,NABIL
2024-09-09,588.0,592.0,572.0,573.0,NABIL
2024-09-10,583.0,583.0,567.5,569.8,NABIL
2024-09-11,577.0,577.5,560.0,561.5,NABIL
2024-09-12,572.7,572.7,554.0,569.0,NABIL
2024-09-15,574.0,590.0,570.0,571.0,NABIL
2024-09-16,571.0,571.0,560.1,561.2,NABIL
2024-09-18,562.0,565.0,550.0,556.0,NABIL
2024-09-22,556.0,578.0,556.0,562.0,NABIL
2024-09-23,573.2,573.2,555.0,568.0,NABIL
2024-09-24,567.0,567.0,552.1,553.5,NABIL
2024-09-25,550.0,560.0,545.1,555.0,NABIL
2024-09-26,555.2,562.0,549.0,550.0,NABIL
2024-09-29,550.0,550.0,540.0,541.5,NABIL
2024-09-30,540.0,550.5,540.0,550.0,NABIL
2024-10-01,550.0,571.0,550.0,568.0,NABIL
2024-10-02,571.0,579.3,565.0,565.0,NABIL
2024-10-06,565.0,574.0,556.0,574.0,NABIL
2024-10-07,584.0,593.2,580.0,591.5,NABIL
2024-10-08,592.0,600.0,580.0,591.0,NABIL
2024-10-09,595.0,595.0,580.0,593.0,NABIL
2024-10-15,593.0,601.0,593.0,600.0,NABIL
2024-10-16,608.0,608.0,601.0,608.0,NABIL
2024-10-17,615.0,619.0,602.0,607.1,NABIL
2024-10-20,600.0,606.0,593.0,597.0,NABIL
2024-10-21,595.0,597.0,584.0,585.5,NABIL
2024-10-22,581.5,592.0,577.0,591.0,NABIL
2024-10-23,591.0,607.2,591.0,594.0,NABIL
2024-10-24,590.1,600.0,590.0,591.5,NABIL
2024-10-27,588.09,599.0,585.1,587.0,NABIL
2024-10-28,585.0,594.9,583.5,585.0,NABIL
2024-10-29,595.0,595.0,586.1,591.8,NABIL
2024-10-30,580.0,583.0,569.0,576.0,NABIL
2024-11-05,570.1,576.0,565.0,567.0,NABIL
2024-11-06,565.0,567.0,562.8,564.6,NABIL
2024-11-10,565.0,573.0,565.0,570.0,NABIL
2024-11-11,573.0,579.0,568.0,569.0,NABIL
2024-11-12,570.6,572.0,566.0,566.2,NABIL
2024-11-13,566.2,570.0,560.2,561.0,NABIL
2024-11-14,566.0,566.0,557.0,562.0,NABIL
2024-11-17,562.0,570.0,562.0,562.1,NABIL
2024-11-19,560.0,568.0,557.0,559.8,NABIL
2024-11-20,560.0,562.0,552.0,557.0,NABIL
2024-11-21,565.0,565.0,552.2,553.7,NABIL
2024-11-24,564.0,564.7,555.0,558.0,NABIL
2024-11-25,569.1,569.1,542.7,547.6,NABIL
2024-11-26,547.6,556.0,540.0,545.0,NABIL
2024-11-27,545.0,549.5,544.0,548.0,NABIL
2024-11-28,545.0,551.0,539.0,540.0,NABIL
2024-12-01,537.3,540.0,534.1,536.0,NABIL
2024-12-02,546.7,546.7,533.0,534.0,NABIL
2024-12-03,544.6,544.6,530.2,532.0,NABIL
2024-12-04,542.6,542.6,530.0,530.0,NABIL
2024-12-05,540.6,540.6,523.0,525.0,NABIL
2024-12-08,526.0,526.0,513.5,514.5,NABIL
2024-12-09,505.0,516.9,505.0,510.0,NABIL
2024-12-10,510.0,514.0,505.0,508.1,NABIL
2024-12-11,508.0,529.8,506.1,528.0,NABIL
2024-12-12,535.0,538.5,518.3,520.0,NABIL
2024-12-16,520.0,524.0,509.7,512.9,NABIL
2024-12-17,513.0,518.0,509.1,512.0,NABIL
2024-12-18,501.8,520.4,501.8,511.8,NABIL
2024-12-19,512.0,514.0,508.0,508.0,NABIL
2024-12-22,497.9,511.0,497.9,502.9,NABIL
2024-12-23,502.9,502.9,498.0,501.0,NABIL
2024-12-24,503.0,506.0,499.1,501.0,NABIL
2024-12-26,511.0,511.0,498.0,502.0,NABIL
2024-12-29,504.1,508.9,499.0,502.7,NABIL
2024-12-31,512.7,512.7,498.0,502.0,NABIL
2025-01-01,502.0,502.9,500.0,501.4,NABIL
2025-01-02,502.0,502.0,499.0,499.3,NABIL
2025-01-05,502.0,504.0,498.0,499.0,NABIL
2025-01-06,501.5,501.5,498.0,499.0,NABIL
2025-01-07,499.0,504.0,498.0,500.0,NABIL
2025-01-08,510.0,510.0,497.0,498.9,NABIL
2025-01-09,499.0,500.0,494.0,495.5,NABIL
2025-01-12,505.4,505.4,490.0,490.6,NABIL
2025-01-13,491.0,496.0,489.5,489.5,NABIL
2025-01-15,492.1,494.0,489.0,489.5,NABIL
2025-01-16,490.0,495.0,487.0,489.1,NABIL
2025-01-19,489.0,497.0,485.0,488.2,NABIL
2025-01-20,490.0,495.0,482.2,484.5,NABIL
2025-01-21,484.0,489.0,480.3,483.4,NABIL
2025-01-22,483.0,488.8,483.0,486.0,NABIL
2025-01-23,490.0,492.0,485.3,488.0,NABIL
2025-01-26,492.0,492.0,482.1,482.2,NABIL
2025-01-27,481.0,483.0,477.2,479.5,NABIL
2025-01-28,478.0,481.0,475.0,476.0,NABIL
2025-02-02,479.0,493.4,476.1,491.4,NABIL
2025-02-03,492.0,503.0,491.4,495.9,NABIL
2025-02-04,500.0,500.0,490.0,493.0,NABIL
2025-02-05,491.1,493.0,489.5,490.0,NABIL
2025-02-06,494.0,495.0,486.0,486.7,NABIL
2025-02-09,495.0,495.0,485.0,486.3,NABIL
2025-02-10,486.5,490.0,484.0,490.0,NABIL
2025-02-11,492.0,492.0,486.0,487.0,NABIL
2025-02-12,487.0,487.0,482.1,485.0,NABIL
2025-02-13,488.0,490.0,482.1,485.5,NABIL
2025-02-16,486.8,488.3,482.9,487.0,NABIL
2025-02-17,487.0,495.9,485.3,494.0,NABIL
2025-02-18,500.0,500.0,494.0,496.0,NABIL
2025-02-20,486.1,503.8,486.1,494.9,NABIL
2025-02-23,485.1,495.0,485.1,489.9,NABIL
2025-02-24,490.0,495.0,488.5,489.0,NABIL
2025-02-25,490.0,490.0,488.0,489.0,NABIL
2025-02-27,498.7,518.0,498.0,501.8,NABIL
2025-03-02,511.8,519.0,506.0,519.0,NABIL
2025-03-03,523.0,529.2,515.0,515.0,NABIL
2025-03-04,520.0,520.0,504.0,507.0,NABIL
2025-03-05,509.5,509.5,498.5,499.0,NABIL
2025-03-06,502.0,502.0,498.1,498.1,NABIL
2025-03-09,498.0,502.0,493.0,495.0,NABIL
2025-03-10,496.0,500.0,490.0,491.0,NABIL
2025-03-11,492.0,495.0,486.1,491.0,NABIL
2025-03-12,494.0,494.0,489.0,491.0,NABIL
2025-03-16,494.9,494.9,485.0,491.1,NABIL
2025-03-17,491.1,498.0,486.0,490.0,NABIL
2025-03-18,499.8,499.8,488.0,491.4,NABIL
2025-03-19,495.0,496.0,487.0,488.9,NABIL
2025-03-20,489.0,490.0,487.0,487.31,NABIL
2025-03-23,488.0,488.0,482.0,482.62,NABIL
2025-03-24,484.5,486.0,476.5,484.03,NABIL
2025-03-25,485.0,485.0,478.0,480.13,NABIL
2025-03-26,485.0,485.0,477.0,481.31,NABIL
2025-03-27,490.9,490.9,480.0,485.09,NABIL
2025-03-30,485.0,492.0,484.0,485.96,NABIL
2025-04-01,490.0,493.0,483.0,484.56,NABIL
2025-04-02,494.2,494.2,484.0,485.26,NABIL
2025-04-03,491.0,494.0,486.1,488.73,NABIL
2025-04-07,490.0,497.0,482.0,486.97,NABIL
2025-04-08,485.0,486.0,478.0,484.65,NABIL
2025-04-09,494.0,494.0,483.2,486.27,NABIL
2025-04-10,491.0,492.4,484.0,485.97,NABIL
2025-04-13,495.6,495.6,484.1,486.97,NABIL
2025-04-15,496.0,496.0,486.0,487.96,NABIL
2025-04-16,497.0,497.0,488.0,489.31,NABIL
2025-04-17,490.8,495.6,489.0,494.38,NABIL
2025-04-20,500.0,501.2,490.0,492.09,NABIL
2025-04-21,494.9,495.0,490.0,490.87,NABIL
2025-04-22,490.0,494.0,485.0,487.76,NABIL
2025-04-23,487.0,488.0,482.0,486.77,NABIL
2025-04-24,483.0,489.9,483.0,485.87,NABIL
2025-04-27,490.0,490.0,483.2,485.01,NABIL
2025-04-28,485.3,487.9,480.6,481.3,NABIL
2025-04-29,480.0,488.0,480.0,481.45,NABIL
2025-04-30,480.0,487.0,478.0,478.18,NABIL
2025-05-04,480.0,487.4,477.0,478.32,NABIL
2025-05-05,478.0,481.0,477.0,478.25,NABIL
2025-05-06,478.0,484.0,475.1,476.94,NABIL
2025-05-07,477.0,485.0,474.1,483.31,NABIL
2025-05-08,490.0,490.0,480.5,482.64,NABIL
2025-05-11,490.0,490.0,484.5,485.65,NABIL
2025-05-13,488.0,493.6,481.0,487.41,NABIL
2025-05-14,490.0,490.0,482.0,483.85,NABIL
2025-05-15,485.0,486.0,481.5,482.11,NABIL
2025-05-18,483.0,485.0,479.0,480.49,NABIL
2025-05-19,488.0,488.0,479.9,482.58,NABIL
2025-05-20,482.6,489.0,481.0,488.16,NABIL
2025-05-21,497.9,527.0,492.5,494.21,NABIL
2025-05-22,499.5,503.0,494.6,499.55,NABIL
2025-05-25,509.5,510.0,495.0,496.75,NABIL
2025-05-26,506.6,516.0,496.1,498.07,NABIL
2025-05-27,498.0,498.1,493.6,496.48,NABIL
2025-05-28,501.9,501.9,494.0,500.42,NABIL
2025-06-02,510.4,510.4,500.1,500.78,NABIL
2025-06-03,505.9,505.9,495.0,497.45,NABIL
2025-06-04,499.0,499.0,490.0,491.11,NABIL
2025-06-05,498.0,498.0,489.0,492.37,NABIL
2025-06-08,490.0,495.0,489.0,489.65,NABIL
2025-06-09,489.9,494.9,489.0,490.93,NABIL
2025-06-10,494.9,494.9,490.0,491.77,NABIL
2025-06-11,495.0,495.0,490.0,490.34,NABIL
2025-06-12,493.0,493.0,488.3,489.44,NABIL
2025-06-15,495.0,495.0,490.0,490.73,NABIL
2025-06-16,497.0,497.0,489.0,490.59,NABIL
2025-06-17,490.0,492.0,487.1,488.99,NABIL
2025-06-18,490.0,492.0,488.0,489.97,NABIL
2025-06-19,494.8,494.8,487.0,489.04,NABIL
2025-06-22,493.0,493.0,485.0,488.99,NABIL
2025-06-23,489.9,489.9,485.0,487.35,NABIL
2025-06-24,489.0,493.0,483.2,487.3,NABIL
2025-06-25,488.0,488.9,481.0,486.24,NABIL
2025-06-26,486.0,488.5,485.1,485.95,NABIL
2025-06-29,482.0,490.0,482.0,489.82,NABIL
2025-06-30,490.1,493.1,490.1,491.81,NABIL
2025-07-01,496.4,496.4,491.0,491.79,NABIL
2025-07-02,494.5,495.8,491.0,494.96,NABIL
2025-07-03,491.1,500.0,490.0,498.22,NABIL
2025-07-06,506.0,506.8,499.1,500.89,NABIL
2025-07-07,500.0,503.0,496.3,497.07,NABIL
2025-07-08,500.0,500.0,493.0,495.46,NABIL
2025-07-09,500.0,500.0,495.2,499.01,NABIL
2025-07-10,503.0,522.0,500.0,511.17,NABIL
2025-07-13,521.3,537.5,521.3,535.77,NABIL
2025-07-14,538.0,538.0,521.1,522.22,NABIL
2025-07-15,524.0,530.0,515.0,529.8,NABIL
2025-07-16,530.0,543.6,530.0,541.37,NABIL
2025-07-17,545.0,554.0,542.2,548.66,NABIL
2025-07-20,550.0,560.0,548.0,549.77,NABIL
2025-07-21,550.0,554.0,540.0,545.21,NABIL
2025-07-22,545.2,555.5,545.2,554.63,NABIL
2025-07-23,543.6,562.0,543.6,551.41,NABIL
2025-07-24,552.0,556.0,547.1,548.08,NABIL
2025-07-27,550.0,554.0,545.1,547.84,NABIL
2025-07-28,545.5,547.0,536.0,540.43,NABIL
2025-07-29,547.0,552.0,545.0,548.55,NABIL
2025-07-30,550.7,555.0,545.0,545.18,NABIL
2025-07-31,540.1,548.2,535.0,536.48,NABIL
2025-08-03,536.0,538.0,522.5,524.4,NABIL
2025-08-04,524.4,532.0,519.0,527.97,NABIL
2025-08-05,517.5,540.0,517.5,527.73,NABIL
2025-08-06,530.0,530.0,523.0,525.93,NABIL
2025-08-07,534.9,534.9,525.6,527.36,NABIL
2025-08-11,533.0,534.0,525.0,526.3,NABIL
2025-08-12,530.0,534.5,524.2,524.86,NABIL
2025-08-13,523.0,524.9,522.0,523.63,NABIL
2025-08-14,524.1,526.5,523.1,523.82,NABIL
2025-08-17,525.0,528.0,519.0,521.21,NABIL
2025-08-18,520.0,524.0,517.0,518.95,NABIL
2025-08-19,525.0,525.0,518.0,518.81,NABIL
2025-08-20,518.0,521.0,517.0,518.81,NABIL
2025-08-21,524.9,524.9,517.3,518.14,NABIL
2025-08-24,520.0,520.0,513.0,513.56,NABIL
2025-08-25,512.0,525.0,509.0,522.58,NABIL
2025-08-26,514.5,533.0,514.5,529.35,NABIL
2025-08-27,539.9,539.9,526.5,533.87,NABIL
2025-08-28,532.0,538.9,527.0,528.86,NABIL
2025-08-31,535.0,536.9,520.0,520.84,NABIL
2025-09-01,531.2,531.2,518.0,527.66,NABIL
2025-09-02,538.2,538.2,523.3,523.75,NABIL
2025-09-03,520.0,529.0,519.0,519.88,NABIL
2025-09-04,528.0,528.0,515.0,517.58,NABIL
2025-09-07,507.3,517.8,507.3,514.87,NABIL
2025-09-08,515.0,515.0,510.0,513.15,NABIL
2025-09-18,502.9,502.9,471.0,483.0,NABIL
2025-09-21,474.0,514.0,474.0,510.18,NABIL
2025-09-23,516.9,525.0,513.0,523.5,NABIL
2025-09-24,525.0,528.0,515.0,522.0,NABIL
2025-09-25,523.0,524.9,516.0,521.6,NABIL
2025-09-28,524.0,528.0,521.0,527.0,NABIL
2025-10-07,530.0,530.0,512.6,521.0,NABIL
2025-10-08,523.0,523.0,505.0,514.0,NABIL
2025-10-09,523.9,544.0,514.0,519.9,NABIL
2025-10-12,530.2,530.2,505.0,510.5,NABIL
2025-10-13,519.9,520.0,506.0,510.0,NABIL
2025-10-14,518.5,518.5,510.0,510.0,NABIL
2025-10-15,518.0,518.0,507.0,508.7,NABIL
2025-10-16,517.9,517.9,506.0,509.0,NABIL
2025-10-19,512.0,512.0,506.0,507.9,NABIL
2025-10-26,508.0,508.0,503.0,505.3,NABIL
2025-10-28,505.3,510.0,505.0,509.0,NABIL
2025-10-29,509.0,516.3,507.0,507.0,NABIL
2025-10-30,503.1,512.0,503.1,506.0,NABIL
2025-11-02,516.1,516.1,508.0,511.1,NABIL
2025-11-03,515.0,517.0,510.1,513.1,NABIL
2025-11-04,515.0,517.9,511.1,511.1,NABIL
2025-11-05,513.0,516.9,508.0,513.1,NABIL
2025-11-06,515.0,517.0,506.7,507.3,NABIL
2025-11-09,510.0,514.9,507.0,508.5,NABIL
2025-11-10,509.0,510.0,506.0,509.0,NABIL
2025-11-11,510.0,510.0,505.3,507.9,NABIL
2025-11-12,508.0,508.9,504.0,504.0,NABIL
2025-11-13,505.1,505.1,502.0,503.0,NABIL
2025-11-16,503.0,506.9,501.0,503.5,NABIL
2025-11-17,504.0,509.9,504.0,508.0,NABIL
2025-11-18,508.0,510.0,505.6,507.1,NABIL
2025-11-19,511.0,511.0,505.0,507.0,NABIL
2025-11-20,508.0,508.0,503.0,506.0,NABIL
2025-11-23,505.0,510.5,505.0,509.5,NABIL
2025-11-24,508.0,513.9,507.0,513.0,NABIL
2025-11-25,518.0,518.0,508.5,510.5,NABIL
2025-11-26,510.0,513.0,507.0,511.0,NABIL
2025-11-27,511.0,517.0,509.0,514.9,NABIL
2025-11-30,518.0,522.0,513.0,513.2,NABIL
2025-12-01,519.4,519.4,510.5,512.0,NABIL
2025-12-02,512.0,516.8,510.0,512.5,NABIL
2025-12-03,515.0,515.0,510.0,510.2,NABIL
2025-12-07,502.0,510.0,502.0,503.0,NABIL
2025-12-08,503.0,503.0,495.0,495.0,NABIL
2025-12-09,500.0,500.0,491.1,496.0,NABIL
2025-12-10,500.0,500.0,493.0,494.7,NABIL
2025-12-11,492.2,497.5,492.0,495.0,NABIL
2025-12-14,500.0,500.0,490.0,492.0,NABIL
2025-12-15,492.0,495.0,489.0,494.0,NABIL
2025-12-16,494.0,500.0,494.0,499.0,NABIL
2025-12-17,503.0,505.0,497.0,499.9,NABIL
2025-12-18,500.0,504.0,495.1,499.0,NABIL
2025-12-21,500.0,504.4,493.0,497.0,NABIL
2025-12-22,500.0,500.0,492.0,497.1,NABIL
2025-12-23,499.0,502.0,496.5,497.2,NABIL
2025-12-24,498.5,500.0,496.1,498.6,NABIL
2025-12-28,499.0,504.0,496.0,503.4,NABIL
2025-12-29,508.0,508.9,500.0,506.5,NABIL
2025-12-31,500.0,502.0,494.7,496.7,NABIL
2026-01-01,495.0,496.0,490.0,492.0,NABIL
2026-01-04,491.5,495.0,488.1,490.3,NABIL
2026-01-05,492.0,492.0,488.1,489.5,NABIL
2026-01-06,490.0,492.0,489.0,489.5,NABIL
2026-01-07,493.0,493.9,489.0,489.0,NABIL
2026-01-08,492.0,492.0,486.5,489.0,NABIL
2026-01-12,490.0,495.0,487.0,487.0,NABIL
2026-01-13,496.0,496.0,485.0,488.1,NABIL
2026-01-14,490.0,490.0,487.0,487.5,NABIL
2026-01-18,488.0,492.0,487.7,490.8,NABIL
2026-01-20,490.8,500.0,490.8,496.5,NABIL
2026-01-21,502.0,504.0,493.0,496.1,NABIL
2026-01-22,498.0,498.0,492.3,493.1,NABIL
2026-01-25,496.9,499.0,492.0,497.2,NABIL
2026-01-26,501.0,504.0,496.0,497.0,NABIL
2026-01-27,497.0,500.0,492.1,494.9,NABIL
2026-01-28,492.1,495.0,490.1,492.0,NABIL
2026-01-29,500.0,508.0,493.0,497.0,NABIL
2026-02-01,500.0,506.0,497.0,498.1,NABIL
2026-02-02,488.2,500.0,488.2,498.8,NABIL
2026-02-03,500.0,500.0,496.0,498.0,NABIL
2026-02-04,489.0,502.0,489.0,496.1,NABIL
2026-02-05,499.9,501.0,496.5,499.3,NABIL
2026-02-08,497.3,500.9,497.0,498.5,NABIL
2026-02-09,499.0,499.0,494.0,495.9,NABIL
2026-02-10,496.0,499.8,492.1,496.4,NABIL
2026-02-11,500.0,500.0,495.0,496.0,NABIL
2026-02-12,495.0,498.7,492.5,495.0,NABIL
2026-02-16,498.7,498.8,493.0,497.9,NABIL
2026-02-17,495.0,498.5,492.0,497.0,NABIL
2026-02-22,497.8,497.8,490.0,495.0,NABIL
2026-02-23,494.5,498.6,493.0,495.4,NABIL
2026-02-24,496.0,497.9,495.0,496.0,NABIL
2026-02-25,497.0,499.0,495.0,496.0,NABIL
2026-02-26,498.0,499.0,496.5,497.9,NABIL
2026-03-01,497.9,500.0,494.0,499.0,NABIL
2026-03-03,508.9,508.9,497.0,504.0,NABIL
2026-03-09,514.0,550.0,514.0,545.0,NABIL
2026-03-10,545.0,555.0,528.0,534.8,NABIL
2026-03-11,539.0,539.0,525.0,527.0,NABIL
2026-03-12,522.1,531.7,522.0,529.0,NABIL
2026-03-15,531.0,539.0,528.5,530.5,NABIL
2026-03-16,530.0,532.0,523.0,523.0,NABIL
2026-03-17,523.0,530.0,523.0,525.8,NABIL
2026-03-19,528.0,536.0,527.0,535.2,NABIL
2026-03-22,545.0,545.9,537.0,542.1,NABIL
2026-03-23,542.1,546.0,536.7,542.0,NABIL
2026-03-24,546.0,546.0,542.5,544.6,NABIL
2026-03-25,544.0,548.0,538.0,539.0,NABIL
2026-03-26,539.0,543.0,533.0,543.0,NABIL
2026-03-29,550.0,550.0,534.0,534.1,NABIL
2026-03-30,533.0,539.0,525.1,527.0,NABIL
2026-03-31,535.0,535.0,520.0,531.0,NABIL
2026-04-01,531.0,531.0,520.0,523.0,NABIL
2026-04-02,512.6,524.9,512.0,517.5,NABIL
2026-04-05,510.0,518.0,499.8,505.3,NABIL
2026-04-06,506.0,522.0,505.0,518.0,NABIL
2026-04-07,523.9,525.9,518.0,520.0,NABIL
2026-04-08,520.0,525.0,520.0,524.0,NABIL
2026-04-09,521.0,530.0,521.0,528.0,NABIL
2026-04-10,532.0,538.0,526.2,529.5,NABIL
2026-04-13,540.0,540.0,520.0,530.0,NABIL
2026-04-15,530.5,534.0,530.0,531.9,NABIL
2026-04-16,535.0,538.0,530.0,531.0,NABIL
2026-04-17,541.6,541.6,528.0,530.0,NABIL
2026-04-20,533.0,534.9,527.1,528.0,NABIL
2026-04-21,550.0,550.0,525.0,526.0,NABIL
2026-04-22,526.0,527.0,519.0,526.5,NABIL
2026-04-23,530.0,530.0,518.0,520.0,NABIL
2026-04-24,520.0,520.0,515.0,518.0,NABIL
2026-04-27,518.0,522.0,517.5,519.2,NABIL
2026-04-28,519.2,532.0,519.2,525.0,NABIL
2026-04-29,525.0,527.0,522.0,524.9,NABIL
2026-04-30,524.0,528.1,520.0,528.0,NABIL
2026-05-04,528.0,535.0,516.0,521.0,NABIL
2026-05-05,520.0,526.0,516.0,521.6,NABIL
2026-05-06,525.0,527.0,522.0,522.3,NABIL
2026-05-07,525.0,525.0,522.2,523.0,NABIL
2026-05-08,525.0,528.0,520.1,523.0,NABIL
2026-05-11,523.0,532.0,523.0,527.0,NABIL
2026-05-12,530.0,533.0,527.0,527.0,NABIL
2026-05-13,527.0,528.0,523.1,527.0,NABIL
2026-05-14,530.0,530.0,525.0,527.0,NABIL
2026-05-15,525.1,531.0,525.0,527.0,NABIL
2026-05-18,527.0,532.0,525.0,526.0,NABIL
2026-05-19,526.0,530.0,523.0,526.0,NABIL
2026-05-20,529.9,531.0,524.0,527.4,NABIL
2026-05-21,527.4,530.0,526.2,527.9,NABIL
2026-05-22,529.0,530.8,527.9,530.0,NABIL
2026-05-25,530.0,536.0,530.0,535.4,NABIL
2026-05-26,540.0,540.0,532.1,537.0,NABIL
2026-05-27,538.7,540.0,534.0,537.0,NABIL
2026-06-01,537.0,544.0,531.0,534.0,NABIL
2026-06-02,540.0,540.0,530.0,536.9,NABIL
2026-06-03,536.0,539.0,532.0,536.5,NABIL
2026-06-04,563.0,563.0,531.1,538.8,NABIL
2026-06-05,537.0,540.0,535.0,535.0,NABIL
2026-06-08,537.0,540.0,535.0,535.0,NABIL
